ISO-10303-21;
HEADER;
/* Generated by software containing ST-Developer
 * from STEP Tools, Inc. (www.steptools.com) 
 */

FILE_DESCRIPTION(
/* description */ (''),
/* implementation_level */ '2;1');

FILE_NAME(
/* name */ 'PowerSupply.step',
/* time_stamp */ '2026-10-01T16:06:36-04:00',
/* author */ (''),
/* organization */ (''),
/* preprocessor_version */ 'ST-DEVELOPER v20.1',
/* originating_system */ 'Autodesk Translation Framework v15.8.0.0',
/* authorisation */ '');

FILE_SCHEMA (('AUTOMOTIVE_DESIGN { 1 0 10303 214 3 1 1 }'));
ENDSEC;

DATA;
#10=MECHANICAL_DESIGN_GEOMETRIC_PRESENTATION_REPRESENTATION('',(#47,#48,
#49,#50),#3372);
#11=SHAPE_REPRESENTATION_RELATIONSHIP('SRR','None',#3379,#12);
#12=ADVANCED_BREP_SHAPE_REPRESENTATION('',(#51,#52,#53,#54),#3371);
#13=FACE_BOUND('',#280,.T.);
#14=FACE_BOUND('',#281,.T.);
#15=FACE_BOUND('',#282,.T.);
#16=FACE_BOUND('',#283,.T.);
#17=FACE_BOUND('',#285,.T.);
#18=FACE_BOUND('',#286,.T.);
#19=FACE_BOUND('',#287,.T.);
#20=FACE_BOUND('',#288,.T.);
#21=FACE_BOUND('',#302,.T.);
#22=FACE_BOUND('',#303,.T.);
#23=FACE_BOUND('',#304,.T.);
#24=FACE_BOUND('',#305,.T.);
#25=FACE_BOUND('',#306,.T.);
#26=FACE_BOUND('',#308,.T.);
#27=FACE_BOUND('',#309,.T.);
#28=FACE_BOUND('',#310,.T.);
#29=FACE_BOUND('',#311,.T.);
#30=FACE_BOUND('',#312,.T.);
#31=FACE_BOUND('',#345,.T.);
#32=FACE_BOUND('',#347,.T.);
#33=FACE_BOUND('',#348,.T.);
#34=FACE_BOUND('',#349,.T.);
#35=FACE_BOUND('',#350,.T.);
#36=FACE_BOUND('',#351,.T.);
#37=FACE_BOUND('',#352,.T.);
#38=FACE_BOUND('',#353,.T.);
#39=FACE_BOUND('',#360,.T.);
#40=FACE_BOUND('',#364,.T.);
#41=FACE_BOUND('',#365,.T.);
#42=FACE_BOUND('',#366,.T.);
#43=FACE_BOUND('',#367,.T.);
#44=FACE_BOUND('',#368,.T.);
#45=FACE_BOUND('',#369,.T.);
#46=FACE_BOUND('',#370,.T.);
#47=STYLED_ITEM('',(#3388),#51);
#48=STYLED_ITEM('',(#3388),#52);
#49=STYLED_ITEM('',(#3388),#53);
#50=STYLED_ITEM('',(#3388),#54);
#51=MANIFOLD_SOLID_BREP('Body1',#2073);
#52=MANIFOLD_SOLID_BREP('Body2',#2074);
#53=MANIFOLD_SOLID_BREP('Body4',#2075);
#54=MANIFOLD_SOLID_BREP('Body5',#2076);
#55=CIRCLE('',#2116,5.);
#56=CIRCLE('',#2117,5.);
#57=CIRCLE('',#2120,5.);
#58=CIRCLE('',#2122,5.);
#59=CIRCLE('',#2127,1.25);
#60=CIRCLE('',#2128,1.25);
#61=CIRCLE('',#2130,1.25);
#62=CIRCLE('',#2131,1.25);
#63=CIRCLE('',#2147,5.49999999999997);
#64=CIRCLE('',#2148,5.49999999999997);
#65=CIRCLE('',#2150,5.);
#66=CIRCLE('',#2151,5.);
#67=CIRCLE('',#2153,5.50000000000001);
#68=CIRCLE('',#2154,5.50000000000001);
#69=CIRCLE('',#2160,5.);
#70=CIRCLE('',#2161,5.);
#71=CIRCLE('',#2170,2.49999999999996);
#72=CIRCLE('',#2171,2.49999999999996);
#73=CIRCLE('',#2174,2.49999999999993);
#74=CIRCLE('',#2175,2.49999999999993);
#75=CIRCLE('',#2178,2.49999999999993);
#76=CIRCLE('',#2179,2.49999999999993);
#77=CIRCLE('',#2182,2.49999999999996);
#78=CIRCLE('',#2183,2.49999999999996);
#79=CIRCLE('',#2186,2.49999999999996);
#80=CIRCLE('',#2187,2.49999999999996);
#81=CIRCLE('',#2190,2.49999999999993);
#82=CIRCLE('',#2191,2.49999999999993);
#83=CIRCLE('',#2194,2.49999999999996);
#84=CIRCLE('',#2195,2.49999999999996);
#85=CIRCLE('',#2198,2.49999999999993);
#86=CIRCLE('',#2199,2.49999999999993);
#87=CIRCLE('',#2202,2.49999999999996);
#88=CIRCLE('',#2203,2.49999999999996);
#89=CIRCLE('',#2206,2.49999999999993);
#90=CIRCLE('',#2207,2.49999999999993);
#91=CIRCLE('',#2210,2.49999999999996);
#92=CIRCLE('',#2211,2.49999999999996);
#93=CIRCLE('',#2214,2.49999999999993);
#94=CIRCLE('',#2215,2.49999999999993);
#95=CIRCLE('',#2218,2.49999999999996);
#96=CIRCLE('',#2219,2.49999999999996);
#97=CIRCLE('',#2222,2.49999999999993);
#98=CIRCLE('',#2223,2.49999999999993);
#99=CIRCLE('',#2236,5.);
#100=CIRCLE('',#2237,5.);
#101=CIRCLE('',#2239,5.);
#102=CIRCLE('',#2242,5.);
#103=CYLINDRICAL_SURFACE('',#2115,5.);
#104=CYLINDRICAL_SURFACE('',#2121,5.);
#105=CYLINDRICAL_SURFACE('',#2126,1.25);
#106=CYLINDRICAL_SURFACE('',#2129,1.25);
#107=CYLINDRICAL_SURFACE('',#2146,5.49999999999997);
#108=CYLINDRICAL_SURFACE('',#2149,5.);
#109=CYLINDRICAL_SURFACE('',#2152,5.50000000000001);
#110=CYLINDRICAL_SURFACE('',#2159,5.);
#111=CYLINDRICAL_SURFACE('',#2169,2.49999999999996);
#112=CYLINDRICAL_SURFACE('',#2173,2.49999999999993);
#113=CYLINDRICAL_SURFACE('',#2177,2.49999999999993);
#114=CYLINDRICAL_SURFACE('',#2181,2.49999999999996);
#115=CYLINDRICAL_SURFACE('',#2185,2.49999999999996);
#116=CYLINDRICAL_SURFACE('',#2189,2.49999999999993);
#117=CYLINDRICAL_SURFACE('',#2193,2.49999999999996);
#118=CYLINDRICAL_SURFACE('',#2197,2.49999999999993);
#119=CYLINDRICAL_SURFACE('',#2201,2.49999999999996);
#120=CYLINDRICAL_SURFACE('',#2205,2.49999999999993);
#121=CYLINDRICAL_SURFACE('',#2209,2.49999999999996);
#122=CYLINDRICAL_SURFACE('',#2213,2.49999999999993);
#123=CYLINDRICAL_SURFACE('',#2217,2.49999999999996);
#124=CYLINDRICAL_SURFACE('',#2221,2.49999999999993);
#125=CYLINDRICAL_SURFACE('',#2235,5.);
#126=CYLINDRICAL_SURFACE('',#2241,5.);
#127=FACE_OUTER_BOUND('',#233,.T.);
#128=FACE_OUTER_BOUND('',#234,.T.);
#129=FACE_OUTER_BOUND('',#235,.T.);
#130=FACE_OUTER_BOUND('',#236,.T.);
#131=FACE_OUTER_BOUND('',#237,.T.);
#132=FACE_OUTER_BOUND('',#238,.T.);
#133=FACE_OUTER_BOUND('',#239,.T.);
#134=FACE_OUTER_BOUND('',#240,.T.);
#135=FACE_OUTER_BOUND('',#241,.T.);
#136=FACE_OUTER_BOUND('',#242,.T.);
#137=FACE_OUTER_BOUND('',#243,.T.);
#138=FACE_OUTER_BOUND('',#244,.T.);
#139=FACE_OUTER_BOUND('',#245,.T.);
#140=FACE_OUTER_BOUND('',#246,.T.);
#141=FACE_OUTER_BOUND('',#247,.T.);
#142=FACE_OUTER_BOUND('',#248,.T.);
#143=FACE_OUTER_BOUND('',#249,.T.);
#144=FACE_OUTER_BOUND('',#250,.T.);
#145=FACE_OUTER_BOUND('',#251,.T.);
#146=FACE_OUTER_BOUND('',#252,.T.);
#147=FACE_OUTER_BOUND('',#253,.T.);
#148=FACE_OUTER_BOUND('',#254,.T.);
#149=FACE_OUTER_BOUND('',#255,.T.);
#150=FACE_OUTER_BOUND('',#256,.T.);
#151=FACE_OUTER_BOUND('',#257,.T.);
#152=FACE_OUTER_BOUND('',#258,.T.);
#153=FACE_OUTER_BOUND('',#259,.T.);
#154=FACE_OUTER_BOUND('',#260,.T.);
#155=FACE_OUTER_BOUND('',#261,.T.);
#156=FACE_OUTER_BOUND('',#262,.T.);
#157=FACE_OUTER_BOUND('',#263,.T.);
#158=FACE_OUTER_BOUND('',#264,.T.);
#159=FACE_OUTER_BOUND('',#265,.T.);
#160=FACE_OUTER_BOUND('',#266,.T.);
#161=FACE_OUTER_BOUND('',#267,.T.);
#162=FACE_OUTER_BOUND('',#268,.T.);
#163=FACE_OUTER_BOUND('',#269,.T.);
#164=FACE_OUTER_BOUND('',#270,.T.);
#165=FACE_OUTER_BOUND('',#271,.T.);
#166=FACE_OUTER_BOUND('',#272,.T.);
#167=FACE_OUTER_BOUND('',#273,.T.);
#168=FACE_OUTER_BOUND('',#274,.T.);
#169=FACE_OUTER_BOUND('',#275,.T.);
#170=FACE_OUTER_BOUND('',#276,.T.);
#171=FACE_OUTER_BOUND('',#277,.T.);
#172=FACE_OUTER_BOUND('',#278,.T.);
#173=FACE_OUTER_BOUND('',#279,.T.);
#174=FACE_OUTER_BOUND('',#284,.T.);
#175=FACE_OUTER_BOUND('',#289,.T.);
#176=FACE_OUTER_BOUND('',#290,.T.);
#177=FACE_OUTER_BOUND('',#291,.T.);
#178=FACE_OUTER_BOUND('',#292,.T.);
#179=FACE_OUTER_BOUND('',#293,.T.);
#180=FACE_OUTER_BOUND('',#294,.T.);
#181=FACE_OUTER_BOUND('',#295,.T.);
#182=FACE_OUTER_BOUND('',#296,.T.);
#183=FACE_OUTER_BOUND('',#297,.T.);
#184=FACE_OUTER_BOUND('',#298,.T.);
#185=FACE_OUTER_BOUND('',#299,.T.);
#186=FACE_OUTER_BOUND('',#300,.T.);
#187=FACE_OUTER_BOUND('',#301,.T.);
#188=FACE_OUTER_BOUND('',#307,.T.);
#189=FACE_OUTER_BOUND('',#313,.T.);
#190=FACE_OUTER_BOUND('',#314,.T.);
#191=FACE_OUTER_BOUND('',#315,.T.);
#192=FACE_OUTER_BOUND('',#316,.T.);
#193=FACE_OUTER_BOUND('',#317,.T.);
#194=FACE_OUTER_BOUND('',#318,.T.);
#195=FACE_OUTER_BOUND('',#319,.T.);
#196=FACE_OUTER_BOUND('',#320,.T.);
#197=FACE_OUTER_BOUND('',#321,.T.);
#198=FACE_OUTER_BOUND('',#322,.T.);
#199=FACE_OUTER_BOUND('',#323,.T.);
#200=FACE_OUTER_BOUND('',#324,.T.);
#201=FACE_OUTER_BOUND('',#325,.T.);
#202=FACE_OUTER_BOUND('',#326,.T.);
#203=FACE_OUTER_BOUND('',#327,.T.);
#204=FACE_OUTER_BOUND('',#328,.T.);
#205=FACE_OUTER_BOUND('',#329,.T.);
#206=FACE_OUTER_BOUND('',#330,.T.);
#207=FACE_OUTER_BOUND('',#331,.T.);
#208=FACE_OUTER_BOUND('',#332,.T.);
#209=FACE_OUTER_BOUND('',#333,.T.);
#210=FACE_OUTER_BOUND('',#334,.T.);
#211=FACE_OUTER_BOUND('',#335,.T.);
#212=FACE_OUTER_BOUND('',#336,.T.);
#213=FACE_OUTER_BOUND('',#337,.T.);
#214=FACE_OUTER_BOUND('',#338,.T.);
#215=FACE_OUTER_BOUND('',#339,.T.);
#216=FACE_OUTER_BOUND('',#340,.T.);
#217=FACE_OUTER_BOUND('',#341,.T.);
#218=FACE_OUTER_BOUND('',#342,.T.);
#219=FACE_OUTER_BOUND('',#343,.T.);
#220=FACE_OUTER_BOUND('',#344,.T.);
#221=FACE_OUTER_BOUND('',#346,.T.);
#222=FACE_OUTER_BOUND('',#354,.T.);
#223=FACE_OUTER_BOUND('',#355,.T.);
#224=FACE_OUTER_BOUND('',#356,.T.);
#225=FACE_OUTER_BOUND('',#357,.T.);
#226=FACE_OUTER_BOUND('',#358,.T.);
#227=FACE_OUTER_BOUND('',#359,.T.);
#228=FACE_OUTER_BOUND('',#361,.T.);
#229=FACE_OUTER_BOUND('',#362,.T.);
#230=FACE_OUTER_BOUND('',#363,.T.);
#231=FACE_OUTER_BOUND('',#371,.T.);
#232=FACE_OUTER_BOUND('',#372,.T.);
#233=EDGE_LOOP('',(#1317,#1318,#1319,#1320));
#234=EDGE_LOOP('',(#1321,#1322,#1323,#1324));
#235=EDGE_LOOP('',(#1325,#1326,#1327,#1328));
#236=EDGE_LOOP('',(#1329,#1330,#1331,#1332));
#237=EDGE_LOOP('',(#1333,#1334,#1335,#1336,#1337,#1338,#1339,#1340,#1341,
#1342));
#238=EDGE_LOOP('',(#1343,#1344,#1345,#1346,#1347,#1348,#1349,#1350,#1351,
#1352));
#239=EDGE_LOOP('',(#1353,#1354,#1355,#1356));
#240=EDGE_LOOP('',(#1357,#1358,#1359,#1360));
#241=EDGE_LOOP('',(#1361,#1362,#1363,#1364));
#242=EDGE_LOOP('',(#1365,#1366,#1367,#1368,#1369,#1370,#1371,#1372));
#243=EDGE_LOOP('',(#1373,#1374,#1375,#1376));
#244=EDGE_LOOP('',(#1377,#1378,#1379,#1380,#1381,#1382,#1383,#1384,#1385,
#1386));
#245=EDGE_LOOP('',(#1387,#1388,#1389,#1390));
#246=EDGE_LOOP('',(#1391,#1392,#1393,#1394));
#247=EDGE_LOOP('',(#1395,#1396,#1397,#1398));
#248=EDGE_LOOP('',(#1399,#1400,#1401,#1402));
#249=EDGE_LOOP('',(#1403,#1404,#1405,#1406));
#250=EDGE_LOOP('',(#1407,#1408,#1409,#1410));
#251=EDGE_LOOP('',(#1411,#1412,#1413,#1414));
#252=EDGE_LOOP('',(#1415,#1416,#1417,#1418,#1419,#1420,#1421,#1422));
#253=EDGE_LOOP('',(#1423,#1424,#1425,#1426));
#254=EDGE_LOOP('',(#1427,#1428,#1429,#1430,#1431,#1432,#1433,#1434,#1435,
#1436));
#255=EDGE_LOOP('',(#1437,#1438,#1439,#1440));
#256=EDGE_LOOP('',(#1441,#1442,#1443,#1444));
#257=EDGE_LOOP('',(#1445,#1446,#1447,#1448));
#258=EDGE_LOOP('',(#1449,#1450,#1451,#1452));
#259=EDGE_LOOP('',(#1453,#1454,#1455,#1456));
#260=EDGE_LOOP('',(#1457,#1458,#1459,#1460,#1461,#1462,#1463,#1464,#1465,
#1466));
#261=EDGE_LOOP('',(#1467,#1468,#1469,#1470));
#262=EDGE_LOOP('',(#1471,#1472,#1473,#1474));
#263=EDGE_LOOP('',(#1475,#1476,#1477,#1478,#1479,#1480,#1481,#1482,#1483,
#1484));
#264=EDGE_LOOP('',(#1485,#1486,#1487,#1488));
#265=EDGE_LOOP('',(#1489,#1490,#1491,#1492));
#266=EDGE_LOOP('',(#1493,#1494,#1495,#1496));
#267=EDGE_LOOP('',(#1497,#1498,#1499,#1500));
#268=EDGE_LOOP('',(#1501,#1502,#1503,#1504));
#269=EDGE_LOOP('',(#1505,#1506,#1507,#1508));
#270=EDGE_LOOP('',(#1509,#1510,#1511,#1512));
#271=EDGE_LOOP('',(#1513,#1514,#1515,#1516));
#272=EDGE_LOOP('',(#1517,#1518,#1519,#1520));
#273=EDGE_LOOP('',(#1521,#1522,#1523,#1524));
#274=EDGE_LOOP('',(#1525,#1526,#1527,#1528));
#275=EDGE_LOOP('',(#1529,#1530,#1531,#1532));
#276=EDGE_LOOP('',(#1533,#1534,#1535,#1536));
#277=EDGE_LOOP('',(#1537,#1538,#1539,#1540));
#278=EDGE_LOOP('',(#1541,#1542,#1543,#1544));
#279=EDGE_LOOP('',(#1545,#1546,#1547,#1548));
#280=EDGE_LOOP('',(#1549));
#281=EDGE_LOOP('',(#1550));
#282=EDGE_LOOP('',(#1551,#1552,#1553,#1554));
#283=EDGE_LOOP('',(#1555,#1556,#1557,#1558));
#284=EDGE_LOOP('',(#1559,#1560,#1561,#1562));
#285=EDGE_LOOP('',(#1563));
#286=EDGE_LOOP('',(#1564));
#287=EDGE_LOOP('',(#1565,#1566,#1567,#1568));
#288=EDGE_LOOP('',(#1569,#1570,#1571,#1572));
#289=EDGE_LOOP('',(#1573,#1574,#1575,#1576));
#290=EDGE_LOOP('',(#1577,#1578,#1579,#1580));
#291=EDGE_LOOP('',(#1581,#1582,#1583,#1584));
#292=EDGE_LOOP('',(#1585,#1586,#1587,#1588));
#293=EDGE_LOOP('',(#1589,#1590,#1591,#1592));
#294=EDGE_LOOP('',(#1593,#1594,#1595,#1596));
#295=EDGE_LOOP('',(#1597,#1598,#1599,#1600));
#296=EDGE_LOOP('',(#1601,#1602,#1603,#1604));
#297=EDGE_LOOP('',(#1605,#1606,#1607,#1608));
#298=EDGE_LOOP('',(#1609,#1610,#1611,#1612));
#299=EDGE_LOOP('',(#1613,#1614,#1615,#1616));
#300=EDGE_LOOP('',(#1617,#1618,#1619,#1620));
#301=EDGE_LOOP('',(#1621,#1622,#1623,#1624));
#302=EDGE_LOOP('',(#1625));
#303=EDGE_LOOP('',(#1626,#1627,#1628,#1629));
#304=EDGE_LOOP('',(#1630));
#305=EDGE_LOOP('',(#1631));
#306=EDGE_LOOP('',(#1632));
#307=EDGE_LOOP('',(#1633,#1634,#1635,#1636));
#308=EDGE_LOOP('',(#1637));
#309=EDGE_LOOP('',(#1638,#1639,#1640,#1641));
#310=EDGE_LOOP('',(#1642));
#311=EDGE_LOOP('',(#1643));
#312=EDGE_LOOP('',(#1644));
#313=EDGE_LOOP('',(#1645,#1646,#1647,#1648));
#314=EDGE_LOOP('',(#1649,#1650,#1651,#1652));
#315=EDGE_LOOP('',(#1653,#1654,#1655,#1656));
#316=EDGE_LOOP('',(#1657,#1658,#1659,#1660));
#317=EDGE_LOOP('',(#1661,#1662,#1663,#1664));
#318=EDGE_LOOP('',(#1665,#1666,#1667,#1668));
#319=EDGE_LOOP('',(#1669,#1670,#1671,#1672));
#320=EDGE_LOOP('',(#1673,#1674,#1675,#1676));
#321=EDGE_LOOP('',(#1677,#1678,#1679,#1680));
#322=EDGE_LOOP('',(#1681,#1682,#1683,#1684));
#323=EDGE_LOOP('',(#1685,#1686,#1687,#1688));
#324=EDGE_LOOP('',(#1689,#1690,#1691,#1692));
#325=EDGE_LOOP('',(#1693,#1694,#1695,#1696));
#326=EDGE_LOOP('',(#1697,#1698,#1699,#1700));
#327=EDGE_LOOP('',(#1701,#1702,#1703,#1704));
#328=EDGE_LOOP('',(#1705,#1706,#1707,#1708));
#329=EDGE_LOOP('',(#1709,#1710,#1711,#1712));
#330=EDGE_LOOP('',(#1713,#1714,#1715,#1716));
#331=EDGE_LOOP('',(#1717,#1718,#1719,#1720));
#332=EDGE_LOOP('',(#1721,#1722,#1723,#1724));
#333=EDGE_LOOP('',(#1725,#1726,#1727,#1728));
#334=EDGE_LOOP('',(#1729,#1730,#1731,#1732));
#335=EDGE_LOOP('',(#1733,#1734,#1735,#1736));
#336=EDGE_LOOP('',(#1737,#1738,#1739,#1740));
#337=EDGE_LOOP('',(#1741,#1742,#1743,#1744));
#338=EDGE_LOOP('',(#1745,#1746,#1747,#1748));
#339=EDGE_LOOP('',(#1749,#1750,#1751,#1752));
#340=EDGE_LOOP('',(#1753,#1754,#1755,#1756));
#341=EDGE_LOOP('',(#1757,#1758,#1759,#1760));
#342=EDGE_LOOP('',(#1761,#1762,#1763,#1764));
#343=EDGE_LOOP('',(#1765,#1766,#1767,#1768));
#344=EDGE_LOOP('',(#1769,#1770,#1771,#1772));
#345=EDGE_LOOP('',(#1773,#1774,#1775,#1776));
#346=EDGE_LOOP('',(#1777,#1778,#1779,#1780));
#347=EDGE_LOOP('',(#1781,#1782,#1783,#1784));
#348=EDGE_LOOP('',(#1785,#1786,#1787,#1788));
#349=EDGE_LOOP('',(#1789,#1790,#1791,#1792));
#350=EDGE_LOOP('',(#1793,#1794,#1795,#1796));
#351=EDGE_LOOP('',(#1797,#1798,#1799,#1800));
#352=EDGE_LOOP('',(#1801,#1802,#1803,#1804));
#353=EDGE_LOOP('',(#1805,#1806,#1807,#1808));
#354=EDGE_LOOP('',(#1809,#1810,#1811,#1812));
#355=EDGE_LOOP('',(#1813,#1814,#1815,#1816));
#356=EDGE_LOOP('',(#1817,#1818,#1819,#1820));
#357=EDGE_LOOP('',(#1821,#1822,#1823,#1824));
#358=EDGE_LOOP('',(#1825,#1826,#1827,#1828));
#359=EDGE_LOOP('',(#1829,#1830,#1831,#1832));
#360=EDGE_LOOP('',(#1833,#1834,#1835,#1836));
#361=EDGE_LOOP('',(#1837,#1838,#1839,#1840));
#362=EDGE_LOOP('',(#1841,#1842,#1843,#1844));
#363=EDGE_LOOP('',(#1845,#1846,#1847,#1848));
#364=EDGE_LOOP('',(#1849,#1850,#1851,#1852));
#365=EDGE_LOOP('',(#1853,#1854,#1855,#1856));
#366=EDGE_LOOP('',(#1857,#1858,#1859,#1860));
#367=EDGE_LOOP('',(#1861,#1862,#1863,#1864));
#368=EDGE_LOOP('',(#1865,#1866,#1867,#1868));
#369=EDGE_LOOP('',(#1869,#1870,#1871,#1872));
#370=EDGE_LOOP('',(#1873,#1874,#1875,#1876));
#371=EDGE_LOOP('',(#1877,#1878,#1879,#1880));
#372=EDGE_LOOP('',(#1881,#1882,#1883,#1884));
#373=LINE('',#2794,#609);
#374=LINE('',#2796,#610);
#375=LINE('',#2798,#611);
#376=LINE('',#2799,#612);
#377=LINE('',#2803,#613);
#378=LINE('',#2804,#614);
#379=LINE('',#2805,#615);
#380=LINE('',#2809,#616);
#381=LINE('',#2811,#617);
#382=LINE('',#2813,#618);
#383=LINE('',#2814,#619);
#384=LINE('',#2818,#620);
#385=LINE('',#2819,#621);
#386=LINE('',#2820,#622);
#387=LINE('',#2823,#623);
#388=LINE('',#2825,#624);
#389=LINE('',#2826,#625);
#390=LINE('',#2828,#626);
#391=LINE('',#2830,#627);
#392=LINE('',#2831,#628);
#393=LINE('',#2834,#629);
#394=LINE('',#2836,#630);
#395=LINE('',#2838,#631);
#396=LINE('',#2840,#632);
#397=LINE('',#2842,#633);
#398=LINE('',#2844,#634);
#399=LINE('',#2846,#635);
#400=LINE('',#2848,#636);
#401=LINE('',#2849,#637);
#402=LINE('',#2852,#638);
#403=LINE('',#2854,#639);
#404=LINE('',#2855,#640);
#405=LINE('',#2859,#641);
#406=LINE('',#2861,#642);
#407=LINE('',#2863,#643);
#408=LINE('',#2864,#644);
#409=LINE('',#2867,#645);
#410=LINE('',#2868,#646);
#411=LINE('',#2870,#647);
#412=LINE('',#2872,#648);
#413=LINE('',#2874,#649);
#414=LINE('',#2876,#650);
#415=LINE('',#2877,#651);
#416=LINE('',#2880,#652);
#417=LINE('',#2881,#653);
#418=LINE('',#2884,#654);
#419=LINE('',#2886,#655);
#420=LINE('',#2887,#656);
#421=LINE('',#2888,#657);
#422=LINE('',#2890,#658);
#423=LINE('',#2891,#659);
#424=LINE('',#2894,#660);
#425=LINE('',#2896,#661);
#426=LINE('',#2899,#662);
#427=LINE('',#2901,#663);
#428=LINE('',#2902,#664);
#429=LINE('',#2906,#665);
#430=LINE('',#2908,#666);
#431=LINE('',#2910,#667);
#432=LINE('',#2911,#668);
#433=LINE('',#2914,#669);
#434=LINE('',#2915,#670);
#435=LINE('',#2918,#671);
#436=LINE('',#2919,#672);
#437=LINE('',#2920,#673);
#438=LINE('',#2921,#674);
#439=LINE('',#2925,#675);
#440=LINE('',#2927,#676);
#441=LINE('',#2929,#677);
#442=LINE('',#2930,#678);
#443=LINE('',#2932,#679);
#444=LINE('',#2934,#680);
#445=LINE('',#2941,#681);
#446=LINE('',#2944,#682);
#447=LINE('',#2946,#683);
#448=LINE('',#2947,#684);
#449=LINE('',#2950,#685);
#450=LINE('',#2953,#686);
#451=LINE('',#2958,#687);
#452=LINE('',#2959,#688);
#453=LINE('',#2961,#689);
#454=LINE('',#2963,#690);
#455=LINE('',#2969,#691);
#456=LINE('',#2975,#692);
#457=LINE('',#2980,#693);
#458=LINE('',#2982,#694);
#459=LINE('',#2984,#695);
#460=LINE('',#2985,#696);
#461=LINE('',#2988,#697);
#462=LINE('',#2990,#698);
#463=LINE('',#2991,#699);
#464=LINE('',#2994,#700);
#465=LINE('',#2996,#701);
#466=LINE('',#2997,#702);
#467=LINE('',#2999,#703);
#468=LINE('',#3000,#704);
#469=LINE('',#3004,#705);
#470=LINE('',#3006,#706);
#471=LINE('',#3008,#707);
#472=LINE('',#3009,#708);
#473=LINE('',#3012,#709);
#474=LINE('',#3014,#710);
#475=LINE('',#3015,#711);
#476=LINE('',#3018,#712);
#477=LINE('',#3020,#713);
#478=LINE('',#3021,#714);
#479=LINE('',#3023,#715);
#480=LINE('',#3024,#716);
#481=LINE('',#3028,#717);
#482=LINE('',#3030,#718);
#483=LINE('',#3032,#719);
#484=LINE('',#3033,#720);
#485=LINE('',#3036,#721);
#486=LINE('',#3038,#722);
#487=LINE('',#3039,#723);
#488=LINE('',#3042,#724);
#489=LINE('',#3044,#725);
#490=LINE('',#3045,#726);
#491=LINE('',#3047,#727);
#492=LINE('',#3048,#728);
#493=LINE('',#3055,#729);
#494=LINE('',#3061,#730);
#495=LINE('',#3067,#731);
#496=LINE('',#3072,#732);
#497=LINE('',#3074,#733);
#498=LINE('',#3076,#734);
#499=LINE('',#3077,#735);
#500=LINE('',#3080,#736);
#501=LINE('',#3082,#737);
#502=LINE('',#3083,#738);
#503=LINE('',#3086,#739);
#504=LINE('',#3088,#740);
#505=LINE('',#3089,#741);
#506=LINE('',#3091,#742);
#507=LINE('',#3092,#743);
#508=LINE('',#3097,#744);
#509=LINE('',#3102,#745);
#510=LINE('',#3104,#746);
#511=LINE('',#3106,#747);
#512=LINE('',#3107,#748);
#513=LINE('',#3110,#749);
#514=LINE('',#3112,#750);
#515=LINE('',#3113,#751);
#516=LINE('',#3116,#752);
#517=LINE('',#3118,#753);
#518=LINE('',#3119,#754);
#519=LINE('',#3121,#755);
#520=LINE('',#3122,#756);
#521=LINE('',#3128,#757);
#522=LINE('',#3130,#758);
#523=LINE('',#3132,#759);
#524=LINE('',#3133,#760);
#525=LINE('',#3138,#761);
#526=LINE('',#3142,#762);
#527=LINE('',#3144,#763);
#528=LINE('',#3145,#764);
#529=LINE('',#3152,#765);
#530=LINE('',#3154,#766);
#531=LINE('',#3156,#767);
#532=LINE('',#3157,#768);
#533=LINE('',#3162,#769);
#534=LINE('',#3166,#770);
#535=LINE('',#3168,#771);
#536=LINE('',#3169,#772);
#537=LINE('',#3176,#773);
#538=LINE('',#3178,#774);
#539=LINE('',#3180,#775);
#540=LINE('',#3181,#776);
#541=LINE('',#3186,#777);
#542=LINE('',#3190,#778);
#543=LINE('',#3192,#779);
#544=LINE('',#3193,#780);
#545=LINE('',#3200,#781);
#546=LINE('',#3202,#782);
#547=LINE('',#3204,#783);
#548=LINE('',#3205,#784);
#549=LINE('',#3210,#785);
#550=LINE('',#3214,#786);
#551=LINE('',#3216,#787);
#552=LINE('',#3217,#788);
#553=LINE('',#3224,#789);
#554=LINE('',#3226,#790);
#555=LINE('',#3228,#791);
#556=LINE('',#3229,#792);
#557=LINE('',#3234,#793);
#558=LINE('',#3238,#794);
#559=LINE('',#3240,#795);
#560=LINE('',#3241,#796);
#561=LINE('',#3248,#797);
#562=LINE('',#3250,#798);
#563=LINE('',#3252,#799);
#564=LINE('',#3253,#800);
#565=LINE('',#3258,#801);
#566=LINE('',#3262,#802);
#567=LINE('',#3264,#803);
#568=LINE('',#3265,#804);
#569=LINE('',#3272,#805);
#570=LINE('',#3274,#806);
#571=LINE('',#3276,#807);
#572=LINE('',#3277,#808);
#573=LINE('',#3282,#809);
#574=LINE('',#3286,#810);
#575=LINE('',#3288,#811);
#576=LINE('',#3289,#812);
#577=LINE('',#3296,#813);
#578=LINE('',#3298,#814);
#579=LINE('',#3300,#815);
#580=LINE('',#3301,#816);
#581=LINE('',#3305,#817);
#582=LINE('',#3307,#818);
#583=LINE('',#3309,#819);
#584=LINE('',#3310,#820);
#585=LINE('',#3312,#821);
#586=LINE('',#3313,#822);
#587=LINE('',#3317,#823);
#588=LINE('',#3319,#824);
#589=LINE('',#3321,#825);
#590=LINE('',#3322,#826);
#591=LINE('',#3325,#827);
#592=LINE('',#3327,#828);
#593=LINE('',#3329,#829);
#594=LINE('',#3330,#830);
#595=LINE('',#3332,#831);
#596=LINE('',#3334,#832);
#597=LINE('',#3337,#833);
#598=LINE('',#3339,#834);
#599=LINE('',#3340,#835);
#600=LINE('',#3343,#836);
#601=LINE('',#3344,#837);
#602=LINE('',#3347,#838);
#603=LINE('',#3348,#839);
#604=LINE('',#3350,#840);
#605=LINE('',#3356,#841);
#606=LINE('',#3360,#842);
#607=LINE('',#3364,#843);
#608=LINE('',#3365,#844);
#609=VECTOR('',#2248,10.);
#610=VECTOR('',#2249,10.);
#611=VECTOR('',#2250,10.);
#612=VECTOR('',#2251,10.);
#613=VECTOR('',#2254,10.);
#614=VECTOR('',#2255,10.);
#615=VECTOR('',#2256,10.);
#616=VECTOR('',#2259,10.);
#617=VECTOR('',#2260,10.);
#618=VECTOR('',#2261,10.);
#619=VECTOR('',#2262,10.);
#620=VECTOR('',#2265,10.);
#621=VECTOR('',#2266,10.);
#622=VECTOR('',#2267,10.);
#623=VECTOR('',#2270,10.);
#624=VECTOR('',#2271,10.);
#625=VECTOR('',#2272,10.);
#626=VECTOR('',#2273,10.);
#627=VECTOR('',#2274,10.);
#628=VECTOR('',#2275,10.);
#629=VECTOR('',#2278,10.);
#630=VECTOR('',#2279,10.);
#631=VECTOR('',#2280,10.);
#632=VECTOR('',#2281,10.);
#633=VECTOR('',#2282,10.);
#634=VECTOR('',#2283,10.);
#635=VECTOR('',#2284,10.);
#636=VECTOR('',#2285,10.);
#637=VECTOR('',#2286,10.);
#638=VECTOR('',#2289,10.);
#639=VECTOR('',#2290,10.);
#640=VECTOR('',#2291,10.);
#641=VECTOR('',#2294,10.);
#642=VECTOR('',#2295,10.);
#643=VECTOR('',#2296,10.);
#644=VECTOR('',#2297,10.);
#645=VECTOR('',#2300,10.);
#646=VECTOR('',#2301,10.);
#647=VECTOR('',#2304,10.);
#648=VECTOR('',#2305,10.);
#649=VECTOR('',#2306,10.);
#650=VECTOR('',#2307,10.);
#651=VECTOR('',#2308,10.);
#652=VECTOR('',#2311,10.);
#653=VECTOR('',#2312,10.);
#654=VECTOR('',#2315,10.);
#655=VECTOR('',#2316,10.);
#656=VECTOR('',#2317,10.);
#657=VECTOR('',#2318,10.);
#658=VECTOR('',#2321,10.);
#659=VECTOR('',#2322,10.);
#660=VECTOR('',#2327,10.);
#661=VECTOR('',#2330,10.);
#662=VECTOR('',#2333,10.);
#663=VECTOR('',#2334,10.);
#664=VECTOR('',#2335,10.);
#665=VECTOR('',#2338,10.);
#666=VECTOR('',#2339,10.);
#667=VECTOR('',#2340,10.);
#668=VECTOR('',#2341,10.);
#669=VECTOR('',#2344,10.);
#670=VECTOR('',#2345,10.);
#671=VECTOR('',#2348,10.);
#672=VECTOR('',#2349,10.);
#673=VECTOR('',#2350,10.);
#674=VECTOR('',#2351,10.);
#675=VECTOR('',#2356,10.);
#676=VECTOR('',#2357,10.);
#677=VECTOR('',#2358,10.);
#678=VECTOR('',#2359,10.);
#679=VECTOR('',#2362,10.);
#680=VECTOR('',#2365,10.);
#681=VECTOR('',#2372,10.);
#682=VECTOR('',#2375,10.);
#683=VECTOR('',#2378,10.);
#684=VECTOR('',#2379,10.);
#685=VECTOR('',#2382,10.);
#686=VECTOR('',#2385,10.);
#687=VECTOR('',#2390,10.);
#688=VECTOR('',#2391,10.);
#689=VECTOR('',#2394,10.);
#690=VECTOR('',#2397,10.);
#691=VECTOR('',#2404,1.25);
#692=VECTOR('',#2411,1.25);
#693=VECTOR('',#2416,10.);
#694=VECTOR('',#2417,10.);
#695=VECTOR('',#2418,10.);
#696=VECTOR('',#2419,10.);
#697=VECTOR('',#2422,10.);
#698=VECTOR('',#2423,10.);
#699=VECTOR('',#2424,10.);
#700=VECTOR('',#2427,10.);
#701=VECTOR('',#2428,10.);
#702=VECTOR('',#2429,10.);
#703=VECTOR('',#2432,10.);
#704=VECTOR('',#2433,10.);
#705=VECTOR('',#2436,10.);
#706=VECTOR('',#2437,10.);
#707=VECTOR('',#2438,10.);
#708=VECTOR('',#2439,10.);
#709=VECTOR('',#2442,10.);
#710=VECTOR('',#2443,10.);
#711=VECTOR('',#2444,10.);
#712=VECTOR('',#2447,10.);
#713=VECTOR('',#2448,10.);
#714=VECTOR('',#2449,10.);
#715=VECTOR('',#2452,10.);
#716=VECTOR('',#2453,10.);
#717=VECTOR('',#2456,10.);
#718=VECTOR('',#2457,10.);
#719=VECTOR('',#2458,10.);
#720=VECTOR('',#2459,10.);
#721=VECTOR('',#2462,10.);
#722=VECTOR('',#2463,10.);
#723=VECTOR('',#2464,10.);
#724=VECTOR('',#2467,10.);
#725=VECTOR('',#2468,10.);
#726=VECTOR('',#2469,10.);
#727=VECTOR('',#2472,10.);
#728=VECTOR('',#2473,10.);
#729=VECTOR('',#2482,5.49999999999997);
#730=VECTOR('',#2489,5.);
#731=VECTOR('',#2496,5.50000000000001);
#732=VECTOR('',#2501,10.);
#733=VECTOR('',#2502,10.);
#734=VECTOR('',#2503,10.);
#735=VECTOR('',#2504,10.);
#736=VECTOR('',#2507,10.);
#737=VECTOR('',#2508,10.);
#738=VECTOR('',#2509,10.);
#739=VECTOR('',#2512,10.);
#740=VECTOR('',#2513,10.);
#741=VECTOR('',#2514,10.);
#742=VECTOR('',#2517,10.);
#743=VECTOR('',#2518,10.);
#744=VECTOR('',#2523,5.);
#745=VECTOR('',#2528,10.);
#746=VECTOR('',#2529,10.);
#747=VECTOR('',#2530,10.);
#748=VECTOR('',#2531,10.);
#749=VECTOR('',#2534,10.);
#750=VECTOR('',#2535,10.);
#751=VECTOR('',#2536,10.);
#752=VECTOR('',#2539,10.);
#753=VECTOR('',#2540,10.);
#754=VECTOR('',#2541,10.);
#755=VECTOR('',#2544,10.);
#756=VECTOR('',#2545,10.);
#757=VECTOR('',#2552,10.);
#758=VECTOR('',#2553,10.);
#759=VECTOR('',#2554,10.);
#760=VECTOR('',#2555,10.);
#761=VECTOR('',#2560,10.);
#762=VECTOR('',#2565,10.);
#763=VECTOR('',#2566,10.);
#764=VECTOR('',#2567,10.);
#765=VECTOR('',#2576,10.);
#766=VECTOR('',#2577,10.);
#767=VECTOR('',#2578,10.);
#768=VECTOR('',#2579,10.);
#769=VECTOR('',#2584,10.);
#770=VECTOR('',#2589,10.);
#771=VECTOR('',#2590,10.);
#772=VECTOR('',#2591,10.);
#773=VECTOR('',#2600,10.);
#774=VECTOR('',#2601,10.);
#775=VECTOR('',#2602,10.);
#776=VECTOR('',#2603,10.);
#777=VECTOR('',#2608,10.);
#778=VECTOR('',#2613,10.);
#779=VECTOR('',#2614,10.);
#780=VECTOR('',#2615,10.);
#781=VECTOR('',#2624,10.);
#782=VECTOR('',#2625,10.);
#783=VECTOR('',#2626,10.);
#784=VECTOR('',#2627,10.);
#785=VECTOR('',#2632,10.);
#786=VECTOR('',#2637,10.);
#787=VECTOR('',#2638,10.);
#788=VECTOR('',#2639,10.);
#789=VECTOR('',#2648,10.);
#790=VECTOR('',#2649,10.);
#791=VECTOR('',#2650,10.);
#792=VECTOR('',#2651,10.);
#793=VECTOR('',#2656,10.);
#794=VECTOR('',#2661,10.);
#795=VECTOR('',#2662,10.);
#796=VECTOR('',#2663,10.);
#797=VECTOR('',#2672,10.);
#798=VECTOR('',#2673,10.);
#799=VECTOR('',#2674,10.);
#800=VECTOR('',#2675,10.);
#801=VECTOR('',#2680,10.);
#802=VECTOR('',#2685,10.);
#803=VECTOR('',#2686,10.);
#804=VECTOR('',#2687,10.);
#805=VECTOR('',#2696,10.);
#806=VECTOR('',#2697,10.);
#807=VECTOR('',#2698,10.);
#808=VECTOR('',#2699,10.);
#809=VECTOR('',#2704,10.);
#810=VECTOR('',#2709,10.);
#811=VECTOR('',#2710,10.);
#812=VECTOR('',#2711,10.);
#813=VECTOR('',#2720,10.);
#814=VECTOR('',#2721,10.);
#815=VECTOR('',#2722,10.);
#816=VECTOR('',#2723,10.);
#817=VECTOR('',#2726,10.);
#818=VECTOR('',#2727,10.);
#819=VECTOR('',#2728,10.);
#820=VECTOR('',#2729,10.);
#821=VECTOR('',#2732,10.);
#822=VECTOR('',#2733,10.);
#823=VECTOR('',#2736,10.);
#824=VECTOR('',#2737,10.);
#825=VECTOR('',#2738,10.);
#826=VECTOR('',#2739,10.);
#827=VECTOR('',#2740,10.);
#828=VECTOR('',#2741,10.);
#829=VECTOR('',#2742,10.);
#830=VECTOR('',#2743,10.);
#831=VECTOR('',#2746,10.);
#832=VECTOR('',#2749,10.);
#833=VECTOR('',#2752,10.);
#834=VECTOR('',#2753,10.);
#835=VECTOR('',#2754,10.);
#836=VECTOR('',#2757,10.);
#837=VECTOR('',#2758,10.);
#838=VECTOR('',#2761,10.);
#839=VECTOR('',#2762,10.);
#840=VECTOR('',#2765,10.);
#841=VECTOR('',#2772,10.);
#842=VECTOR('',#2777,10.);
#843=VECTOR('',#2782,10.);
#844=VECTOR('',#2783,10.);
#845=VERTEX_POINT('',#2792);
#846=VERTEX_POINT('',#2793);
#847=VERTEX_POINT('',#2795);
#848=VERTEX_POINT('',#2797);
#849=VERTEX_POINT('',#2801);
#850=VERTEX_POINT('',#2802);
#851=VERTEX_POINT('',#2807);
#852=VERTEX_POINT('',#2808);
#853=VERTEX_POINT('',#2810);
#854=VERTEX_POINT('',#2812);
#855=VERTEX_POINT('',#2816);
#856=VERTEX_POINT('',#2817);
#857=VERTEX_POINT('',#2822);
#858=VERTEX_POINT('',#2824);
#859=VERTEX_POINT('',#2827);
#860=VERTEX_POINT('',#2829);
#861=VERTEX_POINT('',#2833);
#862=VERTEX_POINT('',#2835);
#863=VERTEX_POINT('',#2837);
#864=VERTEX_POINT('',#2839);
#865=VERTEX_POINT('',#2841);
#866=VERTEX_POINT('',#2843);
#867=VERTEX_POINT('',#2845);
#868=VERTEX_POINT('',#2847);
#869=VERTEX_POINT('',#2851);
#870=VERTEX_POINT('',#2853);
#871=VERTEX_POINT('',#2857);
#872=VERTEX_POINT('',#2858);
#873=VERTEX_POINT('',#2860);
#874=VERTEX_POINT('',#2862);
#875=VERTEX_POINT('',#2866);
#876=VERTEX_POINT('',#2871);
#877=VERTEX_POINT('',#2873);
#878=VERTEX_POINT('',#2875);
#879=VERTEX_POINT('',#2879);
#880=VERTEX_POINT('',#2883);
#881=VERTEX_POINT('',#2885);
#882=VERTEX_POINT('',#2898);
#883=VERTEX_POINT('',#2900);
#884=VERTEX_POINT('',#2904);
#885=VERTEX_POINT('',#2905);
#886=VERTEX_POINT('',#2907);
#887=VERTEX_POINT('',#2909);
#888=VERTEX_POINT('',#2913);
#889=VERTEX_POINT('',#2917);
#890=VERTEX_POINT('',#2924);
#891=VERTEX_POINT('',#2926);
#892=VERTEX_POINT('',#2928);
#893=VERTEX_POINT('',#2937);
#894=VERTEX_POINT('',#2938);
#895=VERTEX_POINT('',#2940);
#896=VERTEX_POINT('',#2942);
#897=VERTEX_POINT('',#2949);
#898=VERTEX_POINT('',#2951);
#899=VERTEX_POINT('',#2955);
#900=VERTEX_POINT('',#2956);
#901=VERTEX_POINT('',#2966);
#902=VERTEX_POINT('',#2968);
#903=VERTEX_POINT('',#2972);
#904=VERTEX_POINT('',#2974);
#905=VERTEX_POINT('',#2978);
#906=VERTEX_POINT('',#2979);
#907=VERTEX_POINT('',#2981);
#908=VERTEX_POINT('',#2983);
#909=VERTEX_POINT('',#2987);
#910=VERTEX_POINT('',#2989);
#911=VERTEX_POINT('',#2993);
#912=VERTEX_POINT('',#2995);
#913=VERTEX_POINT('',#3002);
#914=VERTEX_POINT('',#3003);
#915=VERTEX_POINT('',#3005);
#916=VERTEX_POINT('',#3007);
#917=VERTEX_POINT('',#3011);
#918=VERTEX_POINT('',#3013);
#919=VERTEX_POINT('',#3017);
#920=VERTEX_POINT('',#3019);
#921=VERTEX_POINT('',#3026);
#922=VERTEX_POINT('',#3027);
#923=VERTEX_POINT('',#3029);
#924=VERTEX_POINT('',#3031);
#925=VERTEX_POINT('',#3035);
#926=VERTEX_POINT('',#3037);
#927=VERTEX_POINT('',#3041);
#928=VERTEX_POINT('',#3043);
#929=VERTEX_POINT('',#3052);
#930=VERTEX_POINT('',#3054);
#931=VERTEX_POINT('',#3058);
#932=VERTEX_POINT('',#3060);
#933=VERTEX_POINT('',#3064);
#934=VERTEX_POINT('',#3066);
#935=VERTEX_POINT('',#3070);
#936=VERTEX_POINT('',#3071);
#937=VERTEX_POINT('',#3073);
#938=VERTEX_POINT('',#3075);
#939=VERTEX_POINT('',#3079);
#940=VERTEX_POINT('',#3081);
#941=VERTEX_POINT('',#3085);
#942=VERTEX_POINT('',#3087);
#943=VERTEX_POINT('',#3094);
#944=VERTEX_POINT('',#3096);
#945=VERTEX_POINT('',#3100);
#946=VERTEX_POINT('',#3101);
#947=VERTEX_POINT('',#3103);
#948=VERTEX_POINT('',#3105);
#949=VERTEX_POINT('',#3109);
#950=VERTEX_POINT('',#3111);
#951=VERTEX_POINT('',#3115);
#952=VERTEX_POINT('',#3117);
#953=VERTEX_POINT('',#3126);
#954=VERTEX_POINT('',#3127);
#955=VERTEX_POINT('',#3129);
#956=VERTEX_POINT('',#3131);
#957=VERTEX_POINT('',#3135);
#958=VERTEX_POINT('',#3137);
#959=VERTEX_POINT('',#3141);
#960=VERTEX_POINT('',#3143);
#961=VERTEX_POINT('',#3150);
#962=VERTEX_POINT('',#3151);
#963=VERTEX_POINT('',#3153);
#964=VERTEX_POINT('',#3155);
#965=VERTEX_POINT('',#3159);
#966=VERTEX_POINT('',#3161);
#967=VERTEX_POINT('',#3165);
#968=VERTEX_POINT('',#3167);
#969=VERTEX_POINT('',#3174);
#970=VERTEX_POINT('',#3175);
#971=VERTEX_POINT('',#3177);
#972=VERTEX_POINT('',#3179);
#973=VERTEX_POINT('',#3183);
#974=VERTEX_POINT('',#3185);
#975=VERTEX_POINT('',#3189);
#976=VERTEX_POINT('',#3191);
#977=VERTEX_POINT('',#3198);
#978=VERTEX_POINT('',#3199);
#979=VERTEX_POINT('',#3201);
#980=VERTEX_POINT('',#3203);
#981=VERTEX_POINT('',#3207);
#982=VERTEX_POINT('',#3209);
#983=VERTEX_POINT('',#3213);
#984=VERTEX_POINT('',#3215);
#985=VERTEX_POINT('',#3222);
#986=VERTEX_POINT('',#3223);
#987=VERTEX_POINT('',#3225);
#988=VERTEX_POINT('',#3227);
#989=VERTEX_POINT('',#3231);
#990=VERTEX_POINT('',#3233);
#991=VERTEX_POINT('',#3237);
#992=VERTEX_POINT('',#3239);
#993=VERTEX_POINT('',#3246);
#994=VERTEX_POINT('',#3247);
#995=VERTEX_POINT('',#3249);
#996=VERTEX_POINT('',#3251);
#997=VERTEX_POINT('',#3255);
#998=VERTEX_POINT('',#3257);
#999=VERTEX_POINT('',#3261);
#1000=VERTEX_POINT('',#3263);
#1001=VERTEX_POINT('',#3270);
#1002=VERTEX_POINT('',#3271);
#1003=VERTEX_POINT('',#3273);
#1004=VERTEX_POINT('',#3275);
#1005=VERTEX_POINT('',#3279);
#1006=VERTEX_POINT('',#3281);
#1007=VERTEX_POINT('',#3285);
#1008=VERTEX_POINT('',#3287);
#1009=VERTEX_POINT('',#3294);
#1010=VERTEX_POINT('',#3295);
#1011=VERTEX_POINT('',#3297);
#1012=VERTEX_POINT('',#3299);
#1013=VERTEX_POINT('',#3303);
#1014=VERTEX_POINT('',#3304);
#1015=VERTEX_POINT('',#3306);
#1016=VERTEX_POINT('',#3308);
#1017=VERTEX_POINT('',#3315);
#1018=VERTEX_POINT('',#3316);
#1019=VERTEX_POINT('',#3318);
#1020=VERTEX_POINT('',#3320);
#1021=VERTEX_POINT('',#3323);
#1022=VERTEX_POINT('',#3324);
#1023=VERTEX_POINT('',#3326);
#1024=VERTEX_POINT('',#3328);
#1025=VERTEX_POINT('',#3336);
#1026=VERTEX_POINT('',#3338);
#1027=VERTEX_POINT('',#3342);
#1028=VERTEX_POINT('',#3346);
#1029=VERTEX_POINT('',#3353);
#1030=VERTEX_POINT('',#3355);
#1031=VERTEX_POINT('',#3359);
#1032=VERTEX_POINT('',#3363);
#1033=EDGE_CURVE('',#845,#846,#373,.T.);
#1034=EDGE_CURVE('',#845,#847,#374,.T.);
#1035=EDGE_CURVE('',#848,#847,#375,.T.);
#1036=EDGE_CURVE('',#846,#848,#376,.T.);
#1037=EDGE_CURVE('',#849,#850,#377,.T.);
#1038=EDGE_CURVE('',#850,#848,#378,.T.);
#1039=EDGE_CURVE('',#847,#849,#379,.T.);
#1040=EDGE_CURVE('',#851,#852,#380,.T.);
#1041=EDGE_CURVE('',#851,#853,#381,.T.);
#1042=EDGE_CURVE('',#854,#853,#382,.T.);
#1043=EDGE_CURVE('',#852,#854,#383,.T.);
#1044=EDGE_CURVE('',#855,#856,#384,.T.);
#1045=EDGE_CURVE('',#856,#854,#385,.T.);
#1046=EDGE_CURVE('',#853,#855,#386,.T.);
#1047=EDGE_CURVE('',#857,#850,#387,.T.);
#1048=EDGE_CURVE('',#858,#857,#388,.T.);
#1049=EDGE_CURVE('',#855,#858,#389,.T.);
#1050=EDGE_CURVE('',#859,#851,#390,.T.);
#1051=EDGE_CURVE('',#860,#859,#391,.T.);
#1052=EDGE_CURVE('',#846,#860,#392,.T.);
#1053=EDGE_CURVE('',#852,#861,#393,.T.);
#1054=EDGE_CURVE('',#861,#862,#394,.T.);
#1055=EDGE_CURVE('',#862,#863,#395,.T.);
#1056=EDGE_CURVE('',#863,#864,#396,.T.);
#1057=EDGE_CURVE('',#864,#865,#397,.T.);
#1058=EDGE_CURVE('',#865,#866,#398,.T.);
#1059=EDGE_CURVE('',#866,#867,#399,.T.);
#1060=EDGE_CURVE('',#867,#868,#400,.T.);
#1061=EDGE_CURVE('',#868,#851,#401,.T.);
#1062=EDGE_CURVE('',#862,#869,#402,.T.);
#1063=EDGE_CURVE('',#870,#869,#403,.T.);
#1064=EDGE_CURVE('',#870,#863,#404,.T.);
#1065=EDGE_CURVE('',#871,#872,#405,.T.);
#1066=EDGE_CURVE('',#873,#872,#406,.T.);
#1067=EDGE_CURVE('',#874,#873,#407,.T.);
#1068=EDGE_CURVE('',#871,#874,#408,.T.);
#1069=EDGE_CURVE('',#849,#875,#409,.T.);
#1070=EDGE_CURVE('',#857,#875,#410,.T.);
#1071=EDGE_CURVE('',#869,#871,#411,.T.);
#1072=EDGE_CURVE('',#861,#876,#412,.T.);
#1073=EDGE_CURVE('',#876,#877,#413,.T.);
#1074=EDGE_CURVE('',#878,#877,#414,.T.);
#1075=EDGE_CURVE('',#872,#878,#415,.T.);
#1076=EDGE_CURVE('',#852,#879,#416,.T.);
#1077=EDGE_CURVE('',#879,#876,#417,.T.);
#1078=EDGE_CURVE('',#875,#880,#418,.T.);
#1079=EDGE_CURVE('',#881,#845,#419,.T.);
#1080=EDGE_CURVE('',#881,#879,#420,.T.);
#1081=EDGE_CURVE('',#880,#856,#421,.T.);
#1082=EDGE_CURVE('',#877,#881,#422,.T.);
#1083=EDGE_CURVE('',#878,#845,#423,.T.);
#1084=EDGE_CURVE('',#880,#858,#424,.T.);
#1085=EDGE_CURVE('',#874,#870,#425,.T.);
#1086=EDGE_CURVE('',#882,#859,#426,.T.);
#1087=EDGE_CURVE('',#883,#882,#427,.T.);
#1088=EDGE_CURVE('',#860,#883,#428,.T.);
#1089=EDGE_CURVE('',#884,#885,#429,.T.);
#1090=EDGE_CURVE('',#885,#886,#430,.T.);
#1091=EDGE_CURVE('',#886,#887,#431,.T.);
#1092=EDGE_CURVE('',#887,#884,#432,.T.);
#1093=EDGE_CURVE('',#846,#888,#433,.T.);
#1094=EDGE_CURVE('',#888,#883,#434,.T.);
#1095=EDGE_CURVE('',#888,#889,#435,.T.);
#1096=EDGE_CURVE('',#868,#882,#436,.T.);
#1097=EDGE_CURVE('',#885,#867,#437,.T.);
#1098=EDGE_CURVE('',#889,#884,#438,.T.);
#1099=EDGE_CURVE('',#889,#890,#439,.T.);
#1100=EDGE_CURVE('',#890,#891,#440,.T.);
#1101=EDGE_CURVE('',#891,#892,#441,.T.);
#1102=EDGE_CURVE('',#892,#873,#442,.T.);
#1103=EDGE_CURVE('',#887,#890,#443,.T.);
#1104=EDGE_CURVE('',#886,#866,#444,.T.);
#1105=EDGE_CURVE('',#893,#894,#55,.T.);
#1106=EDGE_CURVE('',#894,#895,#445,.T.);
#1107=EDGE_CURVE('',#895,#896,#56,.T.);
#1108=EDGE_CURVE('',#896,#893,#446,.T.);
#1109=EDGE_CURVE('',#896,#892,#447,.T.);
#1110=EDGE_CURVE('',#893,#891,#448,.T.);
#1111=EDGE_CURVE('',#897,#895,#449,.T.);
#1112=EDGE_CURVE('',#898,#897,#57,.T.);
#1113=EDGE_CURVE('',#898,#864,#450,.T.);
#1114=EDGE_CURVE('',#899,#900,#58,.T.);
#1115=EDGE_CURVE('',#900,#898,#451,.T.);
#1116=EDGE_CURVE('',#897,#899,#452,.T.);
#1117=EDGE_CURVE('',#900,#865,#453,.T.);
#1118=EDGE_CURVE('',#899,#894,#454,.T.);
#1119=EDGE_CURVE('',#901,#901,#59,.T.);
#1120=EDGE_CURVE('',#901,#902,#455,.T.);
#1121=EDGE_CURVE('',#902,#902,#60,.T.);
#1122=EDGE_CURVE('',#903,#903,#61,.T.);
#1123=EDGE_CURVE('',#903,#904,#456,.T.);
#1124=EDGE_CURVE('',#904,#904,#62,.T.);
#1125=EDGE_CURVE('',#905,#906,#457,.T.);
#1126=EDGE_CURVE('',#905,#907,#458,.T.);
#1127=EDGE_CURVE('',#908,#907,#459,.T.);
#1128=EDGE_CURVE('',#906,#908,#460,.T.);
#1129=EDGE_CURVE('',#909,#905,#461,.T.);
#1130=EDGE_CURVE('',#909,#910,#462,.T.);
#1131=EDGE_CURVE('',#907,#910,#463,.T.);
#1132=EDGE_CURVE('',#911,#909,#464,.T.);
#1133=EDGE_CURVE('',#911,#912,#465,.T.);
#1134=EDGE_CURVE('',#910,#912,#466,.T.);
#1135=EDGE_CURVE('',#906,#911,#467,.T.);
#1136=EDGE_CURVE('',#912,#908,#468,.T.);
#1137=EDGE_CURVE('',#913,#914,#469,.T.);
#1138=EDGE_CURVE('',#913,#915,#470,.T.);
#1139=EDGE_CURVE('',#916,#915,#471,.T.);
#1140=EDGE_CURVE('',#914,#916,#472,.T.);
#1141=EDGE_CURVE('',#917,#913,#473,.T.);
#1142=EDGE_CURVE('',#917,#918,#474,.T.);
#1143=EDGE_CURVE('',#915,#918,#475,.T.);
#1144=EDGE_CURVE('',#919,#917,#476,.T.);
#1145=EDGE_CURVE('',#919,#920,#477,.T.);
#1146=EDGE_CURVE('',#918,#920,#478,.T.);
#1147=EDGE_CURVE('',#914,#919,#479,.T.);
#1148=EDGE_CURVE('',#920,#916,#480,.T.);
#1149=EDGE_CURVE('',#921,#922,#481,.T.);
#1150=EDGE_CURVE('',#922,#923,#482,.T.);
#1151=EDGE_CURVE('',#924,#923,#483,.T.);
#1152=EDGE_CURVE('',#921,#924,#484,.T.);
#1153=EDGE_CURVE('',#925,#921,#485,.T.);
#1154=EDGE_CURVE('',#926,#924,#486,.T.);
#1155=EDGE_CURVE('',#925,#926,#487,.T.);
#1156=EDGE_CURVE('',#927,#925,#488,.T.);
#1157=EDGE_CURVE('',#928,#926,#489,.T.);
#1158=EDGE_CURVE('',#927,#928,#490,.T.);
#1159=EDGE_CURVE('',#922,#927,#491,.T.);
#1160=EDGE_CURVE('',#923,#928,#492,.T.);
#1161=EDGE_CURVE('',#929,#929,#63,.T.);
#1162=EDGE_CURVE('',#929,#930,#493,.T.);
#1163=EDGE_CURVE('',#930,#930,#64,.T.);
#1164=EDGE_CURVE('',#931,#931,#65,.T.);
#1165=EDGE_CURVE('',#931,#932,#494,.T.);
#1166=EDGE_CURVE('',#932,#932,#66,.T.);
#1167=EDGE_CURVE('',#933,#933,#67,.T.);
#1168=EDGE_CURVE('',#933,#934,#495,.T.);
#1169=EDGE_CURVE('',#934,#934,#68,.T.);
#1170=EDGE_CURVE('',#935,#936,#496,.T.);
#1171=EDGE_CURVE('',#935,#937,#497,.T.);
#1172=EDGE_CURVE('',#938,#937,#498,.T.);
#1173=EDGE_CURVE('',#936,#938,#499,.T.);
#1174=EDGE_CURVE('',#939,#935,#500,.T.);
#1175=EDGE_CURVE('',#939,#940,#501,.T.);
#1176=EDGE_CURVE('',#937,#940,#502,.T.);
#1177=EDGE_CURVE('',#941,#939,#503,.T.);
#1178=EDGE_CURVE('',#941,#942,#504,.T.);
#1179=EDGE_CURVE('',#940,#942,#505,.T.);
#1180=EDGE_CURVE('',#936,#941,#506,.T.);
#1181=EDGE_CURVE('',#942,#938,#507,.T.);
#1182=EDGE_CURVE('',#943,#943,#69,.T.);
#1183=EDGE_CURVE('',#943,#944,#508,.T.);
#1184=EDGE_CURVE('',#944,#944,#70,.T.);
#1185=EDGE_CURVE('',#945,#946,#509,.T.);
#1186=EDGE_CURVE('',#946,#947,#510,.T.);
#1187=EDGE_CURVE('',#948,#947,#511,.T.);
#1188=EDGE_CURVE('',#945,#948,#512,.T.);
#1189=EDGE_CURVE('',#949,#945,#513,.T.);
#1190=EDGE_CURVE('',#950,#948,#514,.T.);
#1191=EDGE_CURVE('',#949,#950,#515,.T.);
#1192=EDGE_CURVE('',#951,#949,#516,.T.);
#1193=EDGE_CURVE('',#952,#950,#517,.T.);
#1194=EDGE_CURVE('',#951,#952,#518,.T.);
#1195=EDGE_CURVE('',#946,#951,#519,.T.);
#1196=EDGE_CURVE('',#947,#952,#520,.T.);
#1197=EDGE_CURVE('',#953,#954,#521,.T.);
#1198=EDGE_CURVE('',#953,#955,#522,.T.);
#1199=EDGE_CURVE('',#956,#955,#523,.T.);
#1200=EDGE_CURVE('',#954,#956,#524,.T.);
#1201=EDGE_CURVE('',#957,#953,#71,.T.);
#1202=EDGE_CURVE('',#957,#958,#525,.T.);
#1203=EDGE_CURVE('',#955,#958,#72,.T.);
#1204=EDGE_CURVE('',#959,#957,#526,.T.);
#1205=EDGE_CURVE('',#959,#960,#527,.T.);
#1206=EDGE_CURVE('',#958,#960,#528,.T.);
#1207=EDGE_CURVE('',#954,#959,#73,.T.);
#1208=EDGE_CURVE('',#960,#956,#74,.T.);
#1209=EDGE_CURVE('',#961,#962,#529,.T.);
#1210=EDGE_CURVE('',#961,#963,#530,.T.);
#1211=EDGE_CURVE('',#964,#963,#531,.T.);
#1212=EDGE_CURVE('',#962,#964,#532,.T.);
#1213=EDGE_CURVE('',#965,#961,#75,.T.);
#1214=EDGE_CURVE('',#965,#966,#533,.T.);
#1215=EDGE_CURVE('',#963,#966,#76,.T.);
#1216=EDGE_CURVE('',#967,#965,#534,.T.);
#1217=EDGE_CURVE('',#967,#968,#535,.T.);
#1218=EDGE_CURVE('',#966,#968,#536,.T.);
#1219=EDGE_CURVE('',#962,#967,#77,.T.);
#1220=EDGE_CURVE('',#968,#964,#78,.T.);
#1221=EDGE_CURVE('',#969,#970,#537,.T.);
#1222=EDGE_CURVE('',#969,#971,#538,.T.);
#1223=EDGE_CURVE('',#972,#971,#539,.T.);
#1224=EDGE_CURVE('',#970,#972,#540,.T.);
#1225=EDGE_CURVE('',#973,#969,#79,.T.);
#1226=EDGE_CURVE('',#973,#974,#541,.T.);
#1227=EDGE_CURVE('',#971,#974,#80,.T.);
#1228=EDGE_CURVE('',#975,#973,#542,.T.);
#1229=EDGE_CURVE('',#975,#976,#543,.T.);
#1230=EDGE_CURVE('',#974,#976,#544,.T.);
#1231=EDGE_CURVE('',#970,#975,#81,.T.);
#1232=EDGE_CURVE('',#976,#972,#82,.T.);
#1233=EDGE_CURVE('',#977,#978,#545,.T.);
#1234=EDGE_CURVE('',#977,#979,#546,.T.);
#1235=EDGE_CURVE('',#980,#979,#547,.T.);
#1236=EDGE_CURVE('',#978,#980,#548,.T.);
#1237=EDGE_CURVE('',#981,#977,#83,.T.);
#1238=EDGE_CURVE('',#981,#982,#549,.T.);
#1239=EDGE_CURVE('',#979,#982,#84,.T.);
#1240=EDGE_CURVE('',#983,#981,#550,.T.);
#1241=EDGE_CURVE('',#983,#984,#551,.T.);
#1242=EDGE_CURVE('',#982,#984,#552,.T.);
#1243=EDGE_CURVE('',#978,#983,#85,.T.);
#1244=EDGE_CURVE('',#984,#980,#86,.T.);
#1245=EDGE_CURVE('',#985,#986,#553,.T.);
#1246=EDGE_CURVE('',#985,#987,#554,.T.);
#1247=EDGE_CURVE('',#988,#987,#555,.T.);
#1248=EDGE_CURVE('',#986,#988,#556,.T.);
#1249=EDGE_CURVE('',#989,#985,#87,.T.);
#1250=EDGE_CURVE('',#989,#990,#557,.T.);
#1251=EDGE_CURVE('',#987,#990,#88,.T.);
#1252=EDGE_CURVE('',#991,#989,#558,.T.);
#1253=EDGE_CURVE('',#991,#992,#559,.T.);
#1254=EDGE_CURVE('',#990,#992,#560,.T.);
#1255=EDGE_CURVE('',#986,#991,#89,.T.);
#1256=EDGE_CURVE('',#992,#988,#90,.T.);
#1257=EDGE_CURVE('',#993,#994,#561,.T.);
#1258=EDGE_CURVE('',#993,#995,#562,.T.);
#1259=EDGE_CURVE('',#996,#995,#563,.T.);
#1260=EDGE_CURVE('',#994,#996,#564,.T.);
#1261=EDGE_CURVE('',#997,#993,#91,.T.);
#1262=EDGE_CURVE('',#997,#998,#565,.T.);
#1263=EDGE_CURVE('',#995,#998,#92,.T.);
#1264=EDGE_CURVE('',#999,#997,#566,.T.);
#1265=EDGE_CURVE('',#999,#1000,#567,.T.);
#1266=EDGE_CURVE('',#998,#1000,#568,.T.);
#1267=EDGE_CURVE('',#994,#999,#93,.T.);
#1268=EDGE_CURVE('',#1000,#996,#94,.T.);
#1269=EDGE_CURVE('',#1001,#1002,#569,.T.);
#1270=EDGE_CURVE('',#1001,#1003,#570,.T.);
#1271=EDGE_CURVE('',#1004,#1003,#571,.T.);
#1272=EDGE_CURVE('',#1002,#1004,#572,.T.);
#1273=EDGE_CURVE('',#1005,#1001,#95,.T.);
#1274=EDGE_CURVE('',#1005,#1006,#573,.T.);
#1275=EDGE_CURVE('',#1003,#1006,#96,.T.);
#1276=EDGE_CURVE('',#1007,#1005,#574,.T.);
#1277=EDGE_CURVE('',#1007,#1008,#575,.T.);
#1278=EDGE_CURVE('',#1006,#1008,#576,.T.);
#1279=EDGE_CURVE('',#1002,#1007,#97,.T.);
#1280=EDGE_CURVE('',#1008,#1004,#98,.T.);
#1281=EDGE_CURVE('',#1009,#1010,#577,.T.);
#1282=EDGE_CURVE('',#1011,#1009,#578,.T.);
#1283=EDGE_CURVE('',#1011,#1012,#579,.T.);
#1284=EDGE_CURVE('',#1010,#1012,#580,.T.);
#1285=EDGE_CURVE('',#1013,#1014,#581,.T.);
#1286=EDGE_CURVE('',#1015,#1013,#582,.T.);
#1287=EDGE_CURVE('',#1015,#1016,#583,.T.);
#1288=EDGE_CURVE('',#1014,#1016,#584,.T.);
#1289=EDGE_CURVE('',#1012,#1015,#585,.T.);
#1290=EDGE_CURVE('',#1010,#1013,#586,.T.);
#1291=EDGE_CURVE('',#1017,#1018,#587,.T.);
#1292=EDGE_CURVE('',#1019,#1017,#588,.T.);
#1293=EDGE_CURVE('',#1020,#1019,#589,.T.);
#1294=EDGE_CURVE('',#1018,#1020,#590,.T.);
#1295=EDGE_CURVE('',#1021,#1022,#591,.T.);
#1296=EDGE_CURVE('',#1022,#1023,#592,.T.);
#1297=EDGE_CURVE('',#1023,#1024,#593,.T.);
#1298=EDGE_CURVE('',#1024,#1021,#594,.T.);
#1299=EDGE_CURVE('',#1014,#1009,#595,.T.);
#1300=EDGE_CURVE('',#1016,#1011,#596,.T.);
#1301=EDGE_CURVE('',#1022,#1025,#597,.T.);
#1302=EDGE_CURVE('',#1025,#1026,#598,.T.);
#1303=EDGE_CURVE('',#1023,#1026,#599,.T.);
#1304=EDGE_CURVE('',#1021,#1027,#600,.T.);
#1305=EDGE_CURVE('',#1027,#1025,#601,.T.);
#1306=EDGE_CURVE('',#1024,#1028,#602,.T.);
#1307=EDGE_CURVE('',#1028,#1027,#603,.T.);
#1308=EDGE_CURVE('',#1026,#1028,#604,.T.);
#1309=EDGE_CURVE('',#1018,#1029,#99,.T.);
#1310=EDGE_CURVE('',#1029,#1030,#605,.T.);
#1311=EDGE_CURVE('',#1030,#1017,#100,.T.);
#1312=EDGE_CURVE('',#1031,#1030,#606,.T.);
#1313=EDGE_CURVE('',#1019,#1031,#101,.T.);
#1314=EDGE_CURVE('',#1029,#1032,#607,.T.);
#1315=EDGE_CURVE('',#1031,#1032,#608,.T.);
#1316=EDGE_CURVE('',#1032,#1020,#102,.T.);
#1317=ORIENTED_EDGE('',*,*,#1033,.F.);
#1318=ORIENTED_EDGE('',*,*,#1034,.T.);
#1319=ORIENTED_EDGE('',*,*,#1035,.F.);
#1320=ORIENTED_EDGE('',*,*,#1036,.F.);
#1321=ORIENTED_EDGE('',*,*,#1037,.T.);
#1322=ORIENTED_EDGE('',*,*,#1038,.T.);
#1323=ORIENTED_EDGE('',*,*,#1035,.T.);
#1324=ORIENTED_EDGE('',*,*,#1039,.T.);
#1325=ORIENTED_EDGE('',*,*,#1040,.F.);
#1326=ORIENTED_EDGE('',*,*,#1041,.T.);
#1327=ORIENTED_EDGE('',*,*,#1042,.F.);
#1328=ORIENTED_EDGE('',*,*,#1043,.F.);
#1329=ORIENTED_EDGE('',*,*,#1044,.T.);
#1330=ORIENTED_EDGE('',*,*,#1045,.T.);
#1331=ORIENTED_EDGE('',*,*,#1042,.T.);
#1332=ORIENTED_EDGE('',*,*,#1046,.T.);
#1333=ORIENTED_EDGE('',*,*,#1047,.F.);
#1334=ORIENTED_EDGE('',*,*,#1048,.F.);
#1335=ORIENTED_EDGE('',*,*,#1049,.F.);
#1336=ORIENTED_EDGE('',*,*,#1046,.F.);
#1337=ORIENTED_EDGE('',*,*,#1041,.F.);
#1338=ORIENTED_EDGE('',*,*,#1050,.F.);
#1339=ORIENTED_EDGE('',*,*,#1051,.F.);
#1340=ORIENTED_EDGE('',*,*,#1052,.F.);
#1341=ORIENTED_EDGE('',*,*,#1036,.T.);
#1342=ORIENTED_EDGE('',*,*,#1038,.F.);
#1343=ORIENTED_EDGE('',*,*,#1040,.T.);
#1344=ORIENTED_EDGE('',*,*,#1053,.T.);
#1345=ORIENTED_EDGE('',*,*,#1054,.T.);
#1346=ORIENTED_EDGE('',*,*,#1055,.T.);
#1347=ORIENTED_EDGE('',*,*,#1056,.T.);
#1348=ORIENTED_EDGE('',*,*,#1057,.T.);
#1349=ORIENTED_EDGE('',*,*,#1058,.T.);
#1350=ORIENTED_EDGE('',*,*,#1059,.T.);
#1351=ORIENTED_EDGE('',*,*,#1060,.T.);
#1352=ORIENTED_EDGE('',*,*,#1061,.T.);
#1353=ORIENTED_EDGE('',*,*,#1062,.T.);
#1354=ORIENTED_EDGE('',*,*,#1063,.F.);
#1355=ORIENTED_EDGE('',*,*,#1064,.T.);
#1356=ORIENTED_EDGE('',*,*,#1055,.F.);
#1357=ORIENTED_EDGE('',*,*,#1065,.T.);
#1358=ORIENTED_EDGE('',*,*,#1066,.F.);
#1359=ORIENTED_EDGE('',*,*,#1067,.F.);
#1360=ORIENTED_EDGE('',*,*,#1068,.F.);
#1361=ORIENTED_EDGE('',*,*,#1047,.T.);
#1362=ORIENTED_EDGE('',*,*,#1037,.F.);
#1363=ORIENTED_EDGE('',*,*,#1069,.T.);
#1364=ORIENTED_EDGE('',*,*,#1070,.F.);
#1365=ORIENTED_EDGE('',*,*,#1071,.F.);
#1366=ORIENTED_EDGE('',*,*,#1062,.F.);
#1367=ORIENTED_EDGE('',*,*,#1054,.F.);
#1368=ORIENTED_EDGE('',*,*,#1072,.T.);
#1369=ORIENTED_EDGE('',*,*,#1073,.T.);
#1370=ORIENTED_EDGE('',*,*,#1074,.F.);
#1371=ORIENTED_EDGE('',*,*,#1075,.F.);
#1372=ORIENTED_EDGE('',*,*,#1065,.F.);
#1373=ORIENTED_EDGE('',*,*,#1076,.T.);
#1374=ORIENTED_EDGE('',*,*,#1077,.T.);
#1375=ORIENTED_EDGE('',*,*,#1072,.F.);
#1376=ORIENTED_EDGE('',*,*,#1053,.F.);
#1377=ORIENTED_EDGE('',*,*,#1078,.F.);
#1378=ORIENTED_EDGE('',*,*,#1069,.F.);
#1379=ORIENTED_EDGE('',*,*,#1039,.F.);
#1380=ORIENTED_EDGE('',*,*,#1034,.F.);
#1381=ORIENTED_EDGE('',*,*,#1079,.F.);
#1382=ORIENTED_EDGE('',*,*,#1080,.T.);
#1383=ORIENTED_EDGE('',*,*,#1076,.F.);
#1384=ORIENTED_EDGE('',*,*,#1043,.T.);
#1385=ORIENTED_EDGE('',*,*,#1045,.F.);
#1386=ORIENTED_EDGE('',*,*,#1081,.F.);
#1387=ORIENTED_EDGE('',*,*,#1074,.T.);
#1388=ORIENTED_EDGE('',*,*,#1082,.T.);
#1389=ORIENTED_EDGE('',*,*,#1079,.T.);
#1390=ORIENTED_EDGE('',*,*,#1083,.F.);
#1391=ORIENTED_EDGE('',*,*,#1082,.F.);
#1392=ORIENTED_EDGE('',*,*,#1073,.F.);
#1393=ORIENTED_EDGE('',*,*,#1077,.F.);
#1394=ORIENTED_EDGE('',*,*,#1080,.F.);
#1395=ORIENTED_EDGE('',*,*,#1048,.T.);
#1396=ORIENTED_EDGE('',*,*,#1070,.T.);
#1397=ORIENTED_EDGE('',*,*,#1078,.T.);
#1398=ORIENTED_EDGE('',*,*,#1084,.T.);
#1399=ORIENTED_EDGE('',*,*,#1071,.T.);
#1400=ORIENTED_EDGE('',*,*,#1068,.T.);
#1401=ORIENTED_EDGE('',*,*,#1085,.T.);
#1402=ORIENTED_EDGE('',*,*,#1063,.T.);
#1403=ORIENTED_EDGE('',*,*,#1086,.F.);
#1404=ORIENTED_EDGE('',*,*,#1087,.F.);
#1405=ORIENTED_EDGE('',*,*,#1088,.F.);
#1406=ORIENTED_EDGE('',*,*,#1051,.T.);
#1407=ORIENTED_EDGE('',*,*,#1089,.T.);
#1408=ORIENTED_EDGE('',*,*,#1090,.T.);
#1409=ORIENTED_EDGE('',*,*,#1091,.T.);
#1410=ORIENTED_EDGE('',*,*,#1092,.T.);
#1411=ORIENTED_EDGE('',*,*,#1093,.F.);
#1412=ORIENTED_EDGE('',*,*,#1052,.T.);
#1413=ORIENTED_EDGE('',*,*,#1088,.T.);
#1414=ORIENTED_EDGE('',*,*,#1094,.F.);
#1415=ORIENTED_EDGE('',*,*,#1095,.F.);
#1416=ORIENTED_EDGE('',*,*,#1094,.T.);
#1417=ORIENTED_EDGE('',*,*,#1087,.T.);
#1418=ORIENTED_EDGE('',*,*,#1096,.F.);
#1419=ORIENTED_EDGE('',*,*,#1060,.F.);
#1420=ORIENTED_EDGE('',*,*,#1097,.F.);
#1421=ORIENTED_EDGE('',*,*,#1089,.F.);
#1422=ORIENTED_EDGE('',*,*,#1098,.F.);
#1423=ORIENTED_EDGE('',*,*,#1061,.F.);
#1424=ORIENTED_EDGE('',*,*,#1096,.T.);
#1425=ORIENTED_EDGE('',*,*,#1086,.T.);
#1426=ORIENTED_EDGE('',*,*,#1050,.T.);
#1427=ORIENTED_EDGE('',*,*,#1033,.T.);
#1428=ORIENTED_EDGE('',*,*,#1093,.T.);
#1429=ORIENTED_EDGE('',*,*,#1095,.T.);
#1430=ORIENTED_EDGE('',*,*,#1099,.T.);
#1431=ORIENTED_EDGE('',*,*,#1100,.T.);
#1432=ORIENTED_EDGE('',*,*,#1101,.T.);
#1433=ORIENTED_EDGE('',*,*,#1102,.T.);
#1434=ORIENTED_EDGE('',*,*,#1066,.T.);
#1435=ORIENTED_EDGE('',*,*,#1075,.T.);
#1436=ORIENTED_EDGE('',*,*,#1083,.T.);
#1437=ORIENTED_EDGE('',*,*,#1098,.T.);
#1438=ORIENTED_EDGE('',*,*,#1092,.F.);
#1439=ORIENTED_EDGE('',*,*,#1103,.T.);
#1440=ORIENTED_EDGE('',*,*,#1099,.F.);
#1441=ORIENTED_EDGE('',*,*,#1097,.T.);
#1442=ORIENTED_EDGE('',*,*,#1059,.F.);
#1443=ORIENTED_EDGE('',*,*,#1104,.F.);
#1444=ORIENTED_EDGE('',*,*,#1090,.F.);
#1445=ORIENTED_EDGE('',*,*,#1049,.T.);
#1446=ORIENTED_EDGE('',*,*,#1084,.F.);
#1447=ORIENTED_EDGE('',*,*,#1081,.T.);
#1448=ORIENTED_EDGE('',*,*,#1044,.F.);
#1449=ORIENTED_EDGE('',*,*,#1105,.T.);
#1450=ORIENTED_EDGE('',*,*,#1106,.T.);
#1451=ORIENTED_EDGE('',*,*,#1107,.T.);
#1452=ORIENTED_EDGE('',*,*,#1108,.T.);
#1453=ORIENTED_EDGE('',*,*,#1108,.F.);
#1454=ORIENTED_EDGE('',*,*,#1109,.T.);
#1455=ORIENTED_EDGE('',*,*,#1101,.F.);
#1456=ORIENTED_EDGE('',*,*,#1110,.F.);
#1457=ORIENTED_EDGE('',*,*,#1107,.F.);
#1458=ORIENTED_EDGE('',*,*,#1111,.F.);
#1459=ORIENTED_EDGE('',*,*,#1112,.F.);
#1460=ORIENTED_EDGE('',*,*,#1113,.T.);
#1461=ORIENTED_EDGE('',*,*,#1056,.F.);
#1462=ORIENTED_EDGE('',*,*,#1064,.F.);
#1463=ORIENTED_EDGE('',*,*,#1085,.F.);
#1464=ORIENTED_EDGE('',*,*,#1067,.T.);
#1465=ORIENTED_EDGE('',*,*,#1102,.F.);
#1466=ORIENTED_EDGE('',*,*,#1109,.F.);
#1467=ORIENTED_EDGE('',*,*,#1114,.T.);
#1468=ORIENTED_EDGE('',*,*,#1115,.T.);
#1469=ORIENTED_EDGE('',*,*,#1112,.T.);
#1470=ORIENTED_EDGE('',*,*,#1116,.T.);
#1471=ORIENTED_EDGE('',*,*,#1115,.F.);
#1472=ORIENTED_EDGE('',*,*,#1117,.T.);
#1473=ORIENTED_EDGE('',*,*,#1057,.F.);
#1474=ORIENTED_EDGE('',*,*,#1113,.F.);
#1475=ORIENTED_EDGE('',*,*,#1105,.F.);
#1476=ORIENTED_EDGE('',*,*,#1110,.T.);
#1477=ORIENTED_EDGE('',*,*,#1100,.F.);
#1478=ORIENTED_EDGE('',*,*,#1103,.F.);
#1479=ORIENTED_EDGE('',*,*,#1091,.F.);
#1480=ORIENTED_EDGE('',*,*,#1104,.T.);
#1481=ORIENTED_EDGE('',*,*,#1058,.F.);
#1482=ORIENTED_EDGE('',*,*,#1117,.F.);
#1483=ORIENTED_EDGE('',*,*,#1114,.F.);
#1484=ORIENTED_EDGE('',*,*,#1118,.T.);
#1485=ORIENTED_EDGE('',*,*,#1106,.F.);
#1486=ORIENTED_EDGE('',*,*,#1118,.F.);
#1487=ORIENTED_EDGE('',*,*,#1116,.F.);
#1488=ORIENTED_EDGE('',*,*,#1111,.T.);
#1489=ORIENTED_EDGE('',*,*,#1119,.F.);
#1490=ORIENTED_EDGE('',*,*,#1120,.T.);
#1491=ORIENTED_EDGE('',*,*,#1121,.F.);
#1492=ORIENTED_EDGE('',*,*,#1120,.F.);
#1493=ORIENTED_EDGE('',*,*,#1122,.F.);
#1494=ORIENTED_EDGE('',*,*,#1123,.T.);
#1495=ORIENTED_EDGE('',*,*,#1124,.F.);
#1496=ORIENTED_EDGE('',*,*,#1123,.F.);
#1497=ORIENTED_EDGE('',*,*,#1125,.F.);
#1498=ORIENTED_EDGE('',*,*,#1126,.T.);
#1499=ORIENTED_EDGE('',*,*,#1127,.F.);
#1500=ORIENTED_EDGE('',*,*,#1128,.F.);
#1501=ORIENTED_EDGE('',*,*,#1129,.F.);
#1502=ORIENTED_EDGE('',*,*,#1130,.T.);
#1503=ORIENTED_EDGE('',*,*,#1131,.F.);
#1504=ORIENTED_EDGE('',*,*,#1126,.F.);
#1505=ORIENTED_EDGE('',*,*,#1132,.F.);
#1506=ORIENTED_EDGE('',*,*,#1133,.T.);
#1507=ORIENTED_EDGE('',*,*,#1134,.F.);
#1508=ORIENTED_EDGE('',*,*,#1130,.F.);
#1509=ORIENTED_EDGE('',*,*,#1135,.F.);
#1510=ORIENTED_EDGE('',*,*,#1128,.T.);
#1511=ORIENTED_EDGE('',*,*,#1136,.F.);
#1512=ORIENTED_EDGE('',*,*,#1133,.F.);
#1513=ORIENTED_EDGE('',*,*,#1137,.F.);
#1514=ORIENTED_EDGE('',*,*,#1138,.T.);
#1515=ORIENTED_EDGE('',*,*,#1139,.F.);
#1516=ORIENTED_EDGE('',*,*,#1140,.F.);
#1517=ORIENTED_EDGE('',*,*,#1141,.F.);
#1518=ORIENTED_EDGE('',*,*,#1142,.T.);
#1519=ORIENTED_EDGE('',*,*,#1143,.F.);
#1520=ORIENTED_EDGE('',*,*,#1138,.F.);
#1521=ORIENTED_EDGE('',*,*,#1144,.F.);
#1522=ORIENTED_EDGE('',*,*,#1145,.T.);
#1523=ORIENTED_EDGE('',*,*,#1146,.F.);
#1524=ORIENTED_EDGE('',*,*,#1142,.F.);
#1525=ORIENTED_EDGE('',*,*,#1147,.F.);
#1526=ORIENTED_EDGE('',*,*,#1140,.T.);
#1527=ORIENTED_EDGE('',*,*,#1148,.F.);
#1528=ORIENTED_EDGE('',*,*,#1145,.F.);
#1529=ORIENTED_EDGE('',*,*,#1149,.T.);
#1530=ORIENTED_EDGE('',*,*,#1150,.T.);
#1531=ORIENTED_EDGE('',*,*,#1151,.F.);
#1532=ORIENTED_EDGE('',*,*,#1152,.F.);
#1533=ORIENTED_EDGE('',*,*,#1153,.T.);
#1534=ORIENTED_EDGE('',*,*,#1152,.T.);
#1535=ORIENTED_EDGE('',*,*,#1154,.F.);
#1536=ORIENTED_EDGE('',*,*,#1155,.F.);
#1537=ORIENTED_EDGE('',*,*,#1156,.T.);
#1538=ORIENTED_EDGE('',*,*,#1155,.T.);
#1539=ORIENTED_EDGE('',*,*,#1157,.F.);
#1540=ORIENTED_EDGE('',*,*,#1158,.F.);
#1541=ORIENTED_EDGE('',*,*,#1159,.T.);
#1542=ORIENTED_EDGE('',*,*,#1158,.T.);
#1543=ORIENTED_EDGE('',*,*,#1160,.F.);
#1544=ORIENTED_EDGE('',*,*,#1150,.F.);
#1545=ORIENTED_EDGE('',*,*,#1160,.T.);
#1546=ORIENTED_EDGE('',*,*,#1157,.T.);
#1547=ORIENTED_EDGE('',*,*,#1154,.T.);
#1548=ORIENTED_EDGE('',*,*,#1151,.T.);
#1549=ORIENTED_EDGE('',*,*,#1121,.T.);
#1550=ORIENTED_EDGE('',*,*,#1124,.T.);
#1551=ORIENTED_EDGE('',*,*,#1127,.T.);
#1552=ORIENTED_EDGE('',*,*,#1131,.T.);
#1553=ORIENTED_EDGE('',*,*,#1134,.T.);
#1554=ORIENTED_EDGE('',*,*,#1136,.T.);
#1555=ORIENTED_EDGE('',*,*,#1139,.T.);
#1556=ORIENTED_EDGE('',*,*,#1143,.T.);
#1557=ORIENTED_EDGE('',*,*,#1146,.T.);
#1558=ORIENTED_EDGE('',*,*,#1148,.T.);
#1559=ORIENTED_EDGE('',*,*,#1159,.F.);
#1560=ORIENTED_EDGE('',*,*,#1149,.F.);
#1561=ORIENTED_EDGE('',*,*,#1153,.F.);
#1562=ORIENTED_EDGE('',*,*,#1156,.F.);
#1563=ORIENTED_EDGE('',*,*,#1119,.T.);
#1564=ORIENTED_EDGE('',*,*,#1122,.T.);
#1565=ORIENTED_EDGE('',*,*,#1125,.T.);
#1566=ORIENTED_EDGE('',*,*,#1135,.T.);
#1567=ORIENTED_EDGE('',*,*,#1132,.T.);
#1568=ORIENTED_EDGE('',*,*,#1129,.T.);
#1569=ORIENTED_EDGE('',*,*,#1137,.T.);
#1570=ORIENTED_EDGE('',*,*,#1147,.T.);
#1571=ORIENTED_EDGE('',*,*,#1144,.T.);
#1572=ORIENTED_EDGE('',*,*,#1141,.T.);
#1573=ORIENTED_EDGE('',*,*,#1161,.F.);
#1574=ORIENTED_EDGE('',*,*,#1162,.T.);
#1575=ORIENTED_EDGE('',*,*,#1163,.F.);
#1576=ORIENTED_EDGE('',*,*,#1162,.F.);
#1577=ORIENTED_EDGE('',*,*,#1164,.F.);
#1578=ORIENTED_EDGE('',*,*,#1165,.T.);
#1579=ORIENTED_EDGE('',*,*,#1166,.F.);
#1580=ORIENTED_EDGE('',*,*,#1165,.F.);
#1581=ORIENTED_EDGE('',*,*,#1167,.F.);
#1582=ORIENTED_EDGE('',*,*,#1168,.T.);
#1583=ORIENTED_EDGE('',*,*,#1169,.F.);
#1584=ORIENTED_EDGE('',*,*,#1168,.F.);
#1585=ORIENTED_EDGE('',*,*,#1170,.F.);
#1586=ORIENTED_EDGE('',*,*,#1171,.T.);
#1587=ORIENTED_EDGE('',*,*,#1172,.F.);
#1588=ORIENTED_EDGE('',*,*,#1173,.F.);
#1589=ORIENTED_EDGE('',*,*,#1174,.F.);
#1590=ORIENTED_EDGE('',*,*,#1175,.T.);
#1591=ORIENTED_EDGE('',*,*,#1176,.F.);
#1592=ORIENTED_EDGE('',*,*,#1171,.F.);
#1593=ORIENTED_EDGE('',*,*,#1177,.F.);
#1594=ORIENTED_EDGE('',*,*,#1178,.T.);
#1595=ORIENTED_EDGE('',*,*,#1179,.F.);
#1596=ORIENTED_EDGE('',*,*,#1175,.F.);
#1597=ORIENTED_EDGE('',*,*,#1180,.F.);
#1598=ORIENTED_EDGE('',*,*,#1173,.T.);
#1599=ORIENTED_EDGE('',*,*,#1181,.F.);
#1600=ORIENTED_EDGE('',*,*,#1178,.F.);
#1601=ORIENTED_EDGE('',*,*,#1182,.F.);
#1602=ORIENTED_EDGE('',*,*,#1183,.T.);
#1603=ORIENTED_EDGE('',*,*,#1184,.F.);
#1604=ORIENTED_EDGE('',*,*,#1183,.F.);
#1605=ORIENTED_EDGE('',*,*,#1185,.T.);
#1606=ORIENTED_EDGE('',*,*,#1186,.T.);
#1607=ORIENTED_EDGE('',*,*,#1187,.F.);
#1608=ORIENTED_EDGE('',*,*,#1188,.F.);
#1609=ORIENTED_EDGE('',*,*,#1189,.T.);
#1610=ORIENTED_EDGE('',*,*,#1188,.T.);
#1611=ORIENTED_EDGE('',*,*,#1190,.F.);
#1612=ORIENTED_EDGE('',*,*,#1191,.F.);
#1613=ORIENTED_EDGE('',*,*,#1192,.T.);
#1614=ORIENTED_EDGE('',*,*,#1191,.T.);
#1615=ORIENTED_EDGE('',*,*,#1193,.F.);
#1616=ORIENTED_EDGE('',*,*,#1194,.F.);
#1617=ORIENTED_EDGE('',*,*,#1195,.T.);
#1618=ORIENTED_EDGE('',*,*,#1194,.T.);
#1619=ORIENTED_EDGE('',*,*,#1196,.F.);
#1620=ORIENTED_EDGE('',*,*,#1186,.F.);
#1621=ORIENTED_EDGE('',*,*,#1196,.T.);
#1622=ORIENTED_EDGE('',*,*,#1193,.T.);
#1623=ORIENTED_EDGE('',*,*,#1190,.T.);
#1624=ORIENTED_EDGE('',*,*,#1187,.T.);
#1625=ORIENTED_EDGE('',*,*,#1184,.T.);
#1626=ORIENTED_EDGE('',*,*,#1172,.T.);
#1627=ORIENTED_EDGE('',*,*,#1176,.T.);
#1628=ORIENTED_EDGE('',*,*,#1179,.T.);
#1629=ORIENTED_EDGE('',*,*,#1181,.T.);
#1630=ORIENTED_EDGE('',*,*,#1169,.T.);
#1631=ORIENTED_EDGE('',*,*,#1166,.T.);
#1632=ORIENTED_EDGE('',*,*,#1163,.T.);
#1633=ORIENTED_EDGE('',*,*,#1195,.F.);
#1634=ORIENTED_EDGE('',*,*,#1185,.F.);
#1635=ORIENTED_EDGE('',*,*,#1189,.F.);
#1636=ORIENTED_EDGE('',*,*,#1192,.F.);
#1637=ORIENTED_EDGE('',*,*,#1182,.T.);
#1638=ORIENTED_EDGE('',*,*,#1170,.T.);
#1639=ORIENTED_EDGE('',*,*,#1180,.T.);
#1640=ORIENTED_EDGE('',*,*,#1177,.T.);
#1641=ORIENTED_EDGE('',*,*,#1174,.T.);
#1642=ORIENTED_EDGE('',*,*,#1167,.T.);
#1643=ORIENTED_EDGE('',*,*,#1164,.T.);
#1644=ORIENTED_EDGE('',*,*,#1161,.T.);
#1645=ORIENTED_EDGE('',*,*,#1197,.F.);
#1646=ORIENTED_EDGE('',*,*,#1198,.T.);
#1647=ORIENTED_EDGE('',*,*,#1199,.F.);
#1648=ORIENTED_EDGE('',*,*,#1200,.F.);
#1649=ORIENTED_EDGE('',*,*,#1201,.F.);
#1650=ORIENTED_EDGE('',*,*,#1202,.T.);
#1651=ORIENTED_EDGE('',*,*,#1203,.F.);
#1652=ORIENTED_EDGE('',*,*,#1198,.F.);
#1653=ORIENTED_EDGE('',*,*,#1204,.F.);
#1654=ORIENTED_EDGE('',*,*,#1205,.T.);
#1655=ORIENTED_EDGE('',*,*,#1206,.F.);
#1656=ORIENTED_EDGE('',*,*,#1202,.F.);
#1657=ORIENTED_EDGE('',*,*,#1207,.F.);
#1658=ORIENTED_EDGE('',*,*,#1200,.T.);
#1659=ORIENTED_EDGE('',*,*,#1208,.F.);
#1660=ORIENTED_EDGE('',*,*,#1205,.F.);
#1661=ORIENTED_EDGE('',*,*,#1209,.F.);
#1662=ORIENTED_EDGE('',*,*,#1210,.T.);
#1663=ORIENTED_EDGE('',*,*,#1211,.F.);
#1664=ORIENTED_EDGE('',*,*,#1212,.F.);
#1665=ORIENTED_EDGE('',*,*,#1213,.F.);
#1666=ORIENTED_EDGE('',*,*,#1214,.T.);
#1667=ORIENTED_EDGE('',*,*,#1215,.F.);
#1668=ORIENTED_EDGE('',*,*,#1210,.F.);
#1669=ORIENTED_EDGE('',*,*,#1216,.F.);
#1670=ORIENTED_EDGE('',*,*,#1217,.T.);
#1671=ORIENTED_EDGE('',*,*,#1218,.F.);
#1672=ORIENTED_EDGE('',*,*,#1214,.F.);
#1673=ORIENTED_EDGE('',*,*,#1219,.F.);
#1674=ORIENTED_EDGE('',*,*,#1212,.T.);
#1675=ORIENTED_EDGE('',*,*,#1220,.F.);
#1676=ORIENTED_EDGE('',*,*,#1217,.F.);
#1677=ORIENTED_EDGE('',*,*,#1221,.F.);
#1678=ORIENTED_EDGE('',*,*,#1222,.T.);
#1679=ORIENTED_EDGE('',*,*,#1223,.F.);
#1680=ORIENTED_EDGE('',*,*,#1224,.F.);
#1681=ORIENTED_EDGE('',*,*,#1225,.F.);
#1682=ORIENTED_EDGE('',*,*,#1226,.T.);
#1683=ORIENTED_EDGE('',*,*,#1227,.F.);
#1684=ORIENTED_EDGE('',*,*,#1222,.F.);
#1685=ORIENTED_EDGE('',*,*,#1228,.F.);
#1686=ORIENTED_EDGE('',*,*,#1229,.T.);
#1687=ORIENTED_EDGE('',*,*,#1230,.F.);
#1688=ORIENTED_EDGE('',*,*,#1226,.F.);
#1689=ORIENTED_EDGE('',*,*,#1231,.F.);
#1690=ORIENTED_EDGE('',*,*,#1224,.T.);
#1691=ORIENTED_EDGE('',*,*,#1232,.F.);
#1692=ORIENTED_EDGE('',*,*,#1229,.F.);
#1693=ORIENTED_EDGE('',*,*,#1233,.F.);
#1694=ORIENTED_EDGE('',*,*,#1234,.T.);
#1695=ORIENTED_EDGE('',*,*,#1235,.F.);
#1696=ORIENTED_EDGE('',*,*,#1236,.F.);
#1697=ORIENTED_EDGE('',*,*,#1237,.F.);
#1698=ORIENTED_EDGE('',*,*,#1238,.T.);
#1699=ORIENTED_EDGE('',*,*,#1239,.F.);
#1700=ORIENTED_EDGE('',*,*,#1234,.F.);
#1701=ORIENTED_EDGE('',*,*,#1240,.F.);
#1702=ORIENTED_EDGE('',*,*,#1241,.T.);
#1703=ORIENTED_EDGE('',*,*,#1242,.F.);
#1704=ORIENTED_EDGE('',*,*,#1238,.F.);
#1705=ORIENTED_EDGE('',*,*,#1243,.F.);
#1706=ORIENTED_EDGE('',*,*,#1236,.T.);
#1707=ORIENTED_EDGE('',*,*,#1244,.F.);
#1708=ORIENTED_EDGE('',*,*,#1241,.F.);
#1709=ORIENTED_EDGE('',*,*,#1245,.F.);
#1710=ORIENTED_EDGE('',*,*,#1246,.T.);
#1711=ORIENTED_EDGE('',*,*,#1247,.F.);
#1712=ORIENTED_EDGE('',*,*,#1248,.F.);
#1713=ORIENTED_EDGE('',*,*,#1249,.F.);
#1714=ORIENTED_EDGE('',*,*,#1250,.T.);
#1715=ORIENTED_EDGE('',*,*,#1251,.F.);
#1716=ORIENTED_EDGE('',*,*,#1246,.F.);
#1717=ORIENTED_EDGE('',*,*,#1252,.F.);
#1718=ORIENTED_EDGE('',*,*,#1253,.T.);
#1719=ORIENTED_EDGE('',*,*,#1254,.F.);
#1720=ORIENTED_EDGE('',*,*,#1250,.F.);
#1721=ORIENTED_EDGE('',*,*,#1255,.F.);
#1722=ORIENTED_EDGE('',*,*,#1248,.T.);
#1723=ORIENTED_EDGE('',*,*,#1256,.F.);
#1724=ORIENTED_EDGE('',*,*,#1253,.F.);
#1725=ORIENTED_EDGE('',*,*,#1257,.F.);
#1726=ORIENTED_EDGE('',*,*,#1258,.T.);
#1727=ORIENTED_EDGE('',*,*,#1259,.F.);
#1728=ORIENTED_EDGE('',*,*,#1260,.F.);
#1729=ORIENTED_EDGE('',*,*,#1261,.F.);
#1730=ORIENTED_EDGE('',*,*,#1262,.T.);
#1731=ORIENTED_EDGE('',*,*,#1263,.F.);
#1732=ORIENTED_EDGE('',*,*,#1258,.F.);
#1733=ORIENTED_EDGE('',*,*,#1264,.F.);
#1734=ORIENTED_EDGE('',*,*,#1265,.T.);
#1735=ORIENTED_EDGE('',*,*,#1266,.F.);
#1736=ORIENTED_EDGE('',*,*,#1262,.F.);
#1737=ORIENTED_EDGE('',*,*,#1267,.F.);
#1738=ORIENTED_EDGE('',*,*,#1260,.T.);
#1739=ORIENTED_EDGE('',*,*,#1268,.F.);
#1740=ORIENTED_EDGE('',*,*,#1265,.F.);
#1741=ORIENTED_EDGE('',*,*,#1269,.F.);
#1742=ORIENTED_EDGE('',*,*,#1270,.T.);
#1743=ORIENTED_EDGE('',*,*,#1271,.F.);
#1744=ORIENTED_EDGE('',*,*,#1272,.F.);
#1745=ORIENTED_EDGE('',*,*,#1273,.F.);
#1746=ORIENTED_EDGE('',*,*,#1274,.T.);
#1747=ORIENTED_EDGE('',*,*,#1275,.F.);
#1748=ORIENTED_EDGE('',*,*,#1270,.F.);
#1749=ORIENTED_EDGE('',*,*,#1276,.F.);
#1750=ORIENTED_EDGE('',*,*,#1277,.T.);
#1751=ORIENTED_EDGE('',*,*,#1278,.F.);
#1752=ORIENTED_EDGE('',*,*,#1274,.F.);
#1753=ORIENTED_EDGE('',*,*,#1279,.F.);
#1754=ORIENTED_EDGE('',*,*,#1272,.T.);
#1755=ORIENTED_EDGE('',*,*,#1280,.F.);
#1756=ORIENTED_EDGE('',*,*,#1277,.F.);
#1757=ORIENTED_EDGE('',*,*,#1281,.F.);
#1758=ORIENTED_EDGE('',*,*,#1282,.F.);
#1759=ORIENTED_EDGE('',*,*,#1283,.T.);
#1760=ORIENTED_EDGE('',*,*,#1284,.F.);
#1761=ORIENTED_EDGE('',*,*,#1285,.F.);
#1762=ORIENTED_EDGE('',*,*,#1286,.F.);
#1763=ORIENTED_EDGE('',*,*,#1287,.T.);
#1764=ORIENTED_EDGE('',*,*,#1288,.F.);
#1765=ORIENTED_EDGE('',*,*,#1284,.T.);
#1766=ORIENTED_EDGE('',*,*,#1289,.T.);
#1767=ORIENTED_EDGE('',*,*,#1286,.T.);
#1768=ORIENTED_EDGE('',*,*,#1290,.F.);
#1769=ORIENTED_EDGE('',*,*,#1291,.F.);
#1770=ORIENTED_EDGE('',*,*,#1292,.F.);
#1771=ORIENTED_EDGE('',*,*,#1293,.F.);
#1772=ORIENTED_EDGE('',*,*,#1294,.F.);
#1773=ORIENTED_EDGE('',*,*,#1295,.T.);
#1774=ORIENTED_EDGE('',*,*,#1296,.T.);
#1775=ORIENTED_EDGE('',*,*,#1297,.T.);
#1776=ORIENTED_EDGE('',*,*,#1298,.T.);
#1777=ORIENTED_EDGE('',*,*,#1281,.T.);
#1778=ORIENTED_EDGE('',*,*,#1290,.T.);
#1779=ORIENTED_EDGE('',*,*,#1285,.T.);
#1780=ORIENTED_EDGE('',*,*,#1299,.T.);
#1781=ORIENTED_EDGE('',*,*,#1271,.T.);
#1782=ORIENTED_EDGE('',*,*,#1275,.T.);
#1783=ORIENTED_EDGE('',*,*,#1278,.T.);
#1784=ORIENTED_EDGE('',*,*,#1280,.T.);
#1785=ORIENTED_EDGE('',*,*,#1259,.T.);
#1786=ORIENTED_EDGE('',*,*,#1263,.T.);
#1787=ORIENTED_EDGE('',*,*,#1266,.T.);
#1788=ORIENTED_EDGE('',*,*,#1268,.T.);
#1789=ORIENTED_EDGE('',*,*,#1247,.T.);
#1790=ORIENTED_EDGE('',*,*,#1251,.T.);
#1791=ORIENTED_EDGE('',*,*,#1254,.T.);
#1792=ORIENTED_EDGE('',*,*,#1256,.T.);
#1793=ORIENTED_EDGE('',*,*,#1235,.T.);
#1794=ORIENTED_EDGE('',*,*,#1239,.T.);
#1795=ORIENTED_EDGE('',*,*,#1242,.T.);
#1796=ORIENTED_EDGE('',*,*,#1244,.T.);
#1797=ORIENTED_EDGE('',*,*,#1223,.T.);
#1798=ORIENTED_EDGE('',*,*,#1227,.T.);
#1799=ORIENTED_EDGE('',*,*,#1230,.T.);
#1800=ORIENTED_EDGE('',*,*,#1232,.T.);
#1801=ORIENTED_EDGE('',*,*,#1211,.T.);
#1802=ORIENTED_EDGE('',*,*,#1215,.T.);
#1803=ORIENTED_EDGE('',*,*,#1218,.T.);
#1804=ORIENTED_EDGE('',*,*,#1220,.T.);
#1805=ORIENTED_EDGE('',*,*,#1199,.T.);
#1806=ORIENTED_EDGE('',*,*,#1203,.T.);
#1807=ORIENTED_EDGE('',*,*,#1206,.T.);
#1808=ORIENTED_EDGE('',*,*,#1208,.T.);
#1809=ORIENTED_EDGE('',*,*,#1282,.T.);
#1810=ORIENTED_EDGE('',*,*,#1299,.F.);
#1811=ORIENTED_EDGE('',*,*,#1288,.T.);
#1812=ORIENTED_EDGE('',*,*,#1300,.T.);
#1813=ORIENTED_EDGE('',*,*,#1296,.F.);
#1814=ORIENTED_EDGE('',*,*,#1301,.T.);
#1815=ORIENTED_EDGE('',*,*,#1302,.T.);
#1816=ORIENTED_EDGE('',*,*,#1303,.F.);
#1817=ORIENTED_EDGE('',*,*,#1295,.F.);
#1818=ORIENTED_EDGE('',*,*,#1304,.T.);
#1819=ORIENTED_EDGE('',*,*,#1305,.T.);
#1820=ORIENTED_EDGE('',*,*,#1301,.F.);
#1821=ORIENTED_EDGE('',*,*,#1298,.F.);
#1822=ORIENTED_EDGE('',*,*,#1306,.T.);
#1823=ORIENTED_EDGE('',*,*,#1307,.T.);
#1824=ORIENTED_EDGE('',*,*,#1304,.F.);
#1825=ORIENTED_EDGE('',*,*,#1297,.F.);
#1826=ORIENTED_EDGE('',*,*,#1303,.T.);
#1827=ORIENTED_EDGE('',*,*,#1308,.T.);
#1828=ORIENTED_EDGE('',*,*,#1306,.F.);
#1829=ORIENTED_EDGE('',*,*,#1305,.F.);
#1830=ORIENTED_EDGE('',*,*,#1307,.F.);
#1831=ORIENTED_EDGE('',*,*,#1308,.F.);
#1832=ORIENTED_EDGE('',*,*,#1302,.F.);
#1833=ORIENTED_EDGE('',*,*,#1300,.F.);
#1834=ORIENTED_EDGE('',*,*,#1287,.F.);
#1835=ORIENTED_EDGE('',*,*,#1289,.F.);
#1836=ORIENTED_EDGE('',*,*,#1283,.F.);
#1837=ORIENTED_EDGE('',*,*,#1309,.T.);
#1838=ORIENTED_EDGE('',*,*,#1310,.T.);
#1839=ORIENTED_EDGE('',*,*,#1311,.T.);
#1840=ORIENTED_EDGE('',*,*,#1291,.T.);
#1841=ORIENTED_EDGE('',*,*,#1311,.F.);
#1842=ORIENTED_EDGE('',*,*,#1312,.F.);
#1843=ORIENTED_EDGE('',*,*,#1313,.F.);
#1844=ORIENTED_EDGE('',*,*,#1292,.T.);
#1845=ORIENTED_EDGE('',*,*,#1310,.F.);
#1846=ORIENTED_EDGE('',*,*,#1314,.T.);
#1847=ORIENTED_EDGE('',*,*,#1315,.F.);
#1848=ORIENTED_EDGE('',*,*,#1312,.T.);
#1849=ORIENTED_EDGE('',*,*,#1269,.T.);
#1850=ORIENTED_EDGE('',*,*,#1279,.T.);
#1851=ORIENTED_EDGE('',*,*,#1276,.T.);
#1852=ORIENTED_EDGE('',*,*,#1273,.T.);
#1853=ORIENTED_EDGE('',*,*,#1257,.T.);
#1854=ORIENTED_EDGE('',*,*,#1267,.T.);
#1855=ORIENTED_EDGE('',*,*,#1264,.T.);
#1856=ORIENTED_EDGE('',*,*,#1261,.T.);
#1857=ORIENTED_EDGE('',*,*,#1245,.T.);
#1858=ORIENTED_EDGE('',*,*,#1255,.T.);
#1859=ORIENTED_EDGE('',*,*,#1252,.T.);
#1860=ORIENTED_EDGE('',*,*,#1249,.T.);
#1861=ORIENTED_EDGE('',*,*,#1233,.T.);
#1862=ORIENTED_EDGE('',*,*,#1243,.T.);
#1863=ORIENTED_EDGE('',*,*,#1240,.T.);
#1864=ORIENTED_EDGE('',*,*,#1237,.T.);
#1865=ORIENTED_EDGE('',*,*,#1221,.T.);
#1866=ORIENTED_EDGE('',*,*,#1231,.T.);
#1867=ORIENTED_EDGE('',*,*,#1228,.T.);
#1868=ORIENTED_EDGE('',*,*,#1225,.T.);
#1869=ORIENTED_EDGE('',*,*,#1209,.T.);
#1870=ORIENTED_EDGE('',*,*,#1219,.T.);
#1871=ORIENTED_EDGE('',*,*,#1216,.T.);
#1872=ORIENTED_EDGE('',*,*,#1213,.T.);
#1873=ORIENTED_EDGE('',*,*,#1197,.T.);
#1874=ORIENTED_EDGE('',*,*,#1207,.T.);
#1875=ORIENTED_EDGE('',*,*,#1204,.T.);
#1876=ORIENTED_EDGE('',*,*,#1201,.T.);
#1877=ORIENTED_EDGE('',*,*,#1313,.T.);
#1878=ORIENTED_EDGE('',*,*,#1315,.T.);
#1879=ORIENTED_EDGE('',*,*,#1316,.T.);
#1880=ORIENTED_EDGE('',*,*,#1293,.T.);
#1881=ORIENTED_EDGE('',*,*,#1309,.F.);
#1882=ORIENTED_EDGE('',*,*,#1294,.T.);
#1883=ORIENTED_EDGE('',*,*,#1316,.F.);
#1884=ORIENTED_EDGE('',*,*,#1314,.F.);
#1885=PLANE('',#2090);
#1886=PLANE('',#2091);
#1887=PLANE('',#2092);
#1888=PLANE('',#2093);
#1889=PLANE('',#2094);
#1890=PLANE('',#2095);
#1891=PLANE('',#2096);
#1892=PLANE('',#2097);
#1893=PLANE('',#2098);
#1894=PLANE('',#2099);
#1895=PLANE('',#2100);
#1896=PLANE('',#2101);
#1897=PLANE('',#2102);
#1898=PLANE('',#2103);
#1899=PLANE('',#2104);
#1900=PLANE('',#2105);
#1901=PLANE('',#2106);
#1902=PLANE('',#2107);
#1903=PLANE('',#2108);
#1904=PLANE('',#2109);
#1905=PLANE('',#2110);
#1906=PLANE('',#2111);
#1907=PLANE('',#2112);
#1908=PLANE('',#2113);
#1909=PLANE('',#2114);
#1910=PLANE('',#2118);
#1911=PLANE('',#2119);
#1912=PLANE('',#2123);
#1913=PLANE('',#2124);
#1914=PLANE('',#2125);
#1915=PLANE('',#2132);
#1916=PLANE('',#2133);
#1917=PLANE('',#2134);
#1918=PLANE('',#2135);
#1919=PLANE('',#2136);
#1920=PLANE('',#2137);
#1921=PLANE('',#2138);
#1922=PLANE('',#2139);
#1923=PLANE('',#2140);
#1924=PLANE('',#2141);
#1925=PLANE('',#2142);
#1926=PLANE('',#2143);
#1927=PLANE('',#2144);
#1928=PLANE('',#2145);
#1929=PLANE('',#2155);
#1930=PLANE('',#2156);
#1931=PLANE('',#2157);
#1932=PLANE('',#2158);
#1933=PLANE('',#2162);
#1934=PLANE('',#2163);
#1935=PLANE('',#2164);
#1936=PLANE('',#2165);
#1937=PLANE('',#2166);
#1938=PLANE('',#2167);
#1939=PLANE('',#2168);
#1940=PLANE('',#2172);
#1941=PLANE('',#2176);
#1942=PLANE('',#2180);
#1943=PLANE('',#2184);
#1944=PLANE('',#2188);
#1945=PLANE('',#2192);
#1946=PLANE('',#2196);
#1947=PLANE('',#2200);
#1948=PLANE('',#2204);
#1949=PLANE('',#2208);
#1950=PLANE('',#2212);
#1951=PLANE('',#2216);
#1952=PLANE('',#2220);
#1953=PLANE('',#2224);
#1954=PLANE('',#2225);
#1955=PLANE('',#2226);
#1956=PLANE('',#2227);
#1957=PLANE('',#2228);
#1958=PLANE('',#2229);
#1959=PLANE('',#2230);
#1960=PLANE('',#2231);
#1961=PLANE('',#2232);
#1962=PLANE('',#2233);
#1963=PLANE('',#2234);
#1964=PLANE('',#2238);
#1965=PLANE('',#2240);
#1966=PLANE('',#2243);
#1967=ADVANCED_FACE('',(#127),#1885,.T.);
#1968=ADVANCED_FACE('',(#128),#1886,.T.);
#1969=ADVANCED_FACE('',(#129),#1887,.T.);
#1970=ADVANCED_FACE('',(#130),#1888,.T.);
#1971=ADVANCED_FACE('',(#131),#1889,.F.);
#1972=ADVANCED_FACE('',(#132),#1890,.T.);
#1973=ADVANCED_FACE('',(#133),#1891,.T.);
#1974=ADVANCED_FACE('',(#134),#1892,.T.);
#1975=ADVANCED_FACE('',(#135),#1893,.T.);
#1976=ADVANCED_FACE('',(#136),#1894,.F.);
#1977=ADVANCED_FACE('',(#137),#1895,.F.);
#1978=ADVANCED_FACE('',(#138),#1896,.F.);
#1979=ADVANCED_FACE('',(#139),#1897,.F.);
#1980=ADVANCED_FACE('',(#140),#1898,.F.);
#1981=ADVANCED_FACE('',(#141),#1899,.T.);
#1982=ADVANCED_FACE('',(#142),#1900,.T.);
#1983=ADVANCED_FACE('',(#143),#1901,.F.);
#1984=ADVANCED_FACE('',(#144),#1902,.T.);
#1985=ADVANCED_FACE('',(#145),#1903,.F.);
#1986=ADVANCED_FACE('',(#146),#1904,.F.);
#1987=ADVANCED_FACE('',(#147),#1905,.F.);
#1988=ADVANCED_FACE('',(#148),#1906,.T.);
#1989=ADVANCED_FACE('',(#149),#1907,.T.);
#1990=ADVANCED_FACE('',(#150),#1908,.T.);
#1991=ADVANCED_FACE('',(#151),#1909,.T.);
#1992=ADVANCED_FACE('',(#152),#103,.T.);
#1993=ADVANCED_FACE('',(#153),#1910,.T.);
#1994=ADVANCED_FACE('',(#154),#1911,.T.);
#1995=ADVANCED_FACE('',(#155),#104,.T.);
#1996=ADVANCED_FACE('',(#156),#1912,.T.);
#1997=ADVANCED_FACE('',(#157),#1913,.T.);
#1998=ADVANCED_FACE('',(#158),#1914,.F.);
#1999=ADVANCED_FACE('',(#159),#105,.F.);
#2000=ADVANCED_FACE('',(#160),#106,.F.);
#2001=ADVANCED_FACE('',(#161),#1915,.F.);
#2002=ADVANCED_FACE('',(#162),#1916,.F.);
#2003=ADVANCED_FACE('',(#163),#1917,.F.);
#2004=ADVANCED_FACE('',(#164),#1918,.F.);
#2005=ADVANCED_FACE('',(#165),#1919,.F.);
#2006=ADVANCED_FACE('',(#166),#1920,.F.);
#2007=ADVANCED_FACE('',(#167),#1921,.F.);
#2008=ADVANCED_FACE('',(#168),#1922,.F.);
#2009=ADVANCED_FACE('',(#169),#1923,.T.);
#2010=ADVANCED_FACE('',(#170),#1924,.T.);
#2011=ADVANCED_FACE('',(#171),#1925,.T.);
#2012=ADVANCED_FACE('',(#172),#1926,.T.);
#2013=ADVANCED_FACE('',(#173,#13,#14,#15,#16),#1927,.T.);
#2014=ADVANCED_FACE('',(#174,#17,#18,#19,#20),#1928,.F.);
#2015=ADVANCED_FACE('',(#175),#107,.F.);
#2016=ADVANCED_FACE('',(#176),#108,.F.);
#2017=ADVANCED_FACE('',(#177),#109,.F.);
#2018=ADVANCED_FACE('',(#178),#1929,.F.);
#2019=ADVANCED_FACE('',(#179),#1930,.F.);
#2020=ADVANCED_FACE('',(#180),#1931,.F.);
#2021=ADVANCED_FACE('',(#181),#1932,.F.);
#2022=ADVANCED_FACE('',(#182),#110,.F.);
#2023=ADVANCED_FACE('',(#183),#1933,.T.);
#2024=ADVANCED_FACE('',(#184),#1934,.T.);
#2025=ADVANCED_FACE('',(#185),#1935,.T.);
#2026=ADVANCED_FACE('',(#186),#1936,.T.);
#2027=ADVANCED_FACE('',(#187,#21,#22,#23,#24,#25),#1937,.T.);
#2028=ADVANCED_FACE('',(#188,#26,#27,#28,#29,#30),#1938,.F.);
#2029=ADVANCED_FACE('',(#189),#1939,.F.);
#2030=ADVANCED_FACE('',(#190),#111,.F.);
#2031=ADVANCED_FACE('',(#191),#1940,.F.);
#2032=ADVANCED_FACE('',(#192),#112,.F.);
#2033=ADVANCED_FACE('',(#193),#1941,.F.);
#2034=ADVANCED_FACE('',(#194),#113,.F.);
#2035=ADVANCED_FACE('',(#195),#1942,.F.);
#2036=ADVANCED_FACE('',(#196),#114,.F.);
#2037=ADVANCED_FACE('',(#197),#1943,.F.);
#2038=ADVANCED_FACE('',(#198),#115,.F.);
#2039=ADVANCED_FACE('',(#199),#1944,.F.);
#2040=ADVANCED_FACE('',(#200),#116,.F.);
#2041=ADVANCED_FACE('',(#201),#1945,.F.);
#2042=ADVANCED_FACE('',(#202),#117,.F.);
#2043=ADVANCED_FACE('',(#203),#1946,.F.);
#2044=ADVANCED_FACE('',(#204),#118,.F.);
#2045=ADVANCED_FACE('',(#205),#1947,.F.);
#2046=ADVANCED_FACE('',(#206),#119,.F.);
#2047=ADVANCED_FACE('',(#207),#1948,.F.);
#2048=ADVANCED_FACE('',(#208),#120,.F.);
#2049=ADVANCED_FACE('',(#209),#1949,.F.);
#2050=ADVANCED_FACE('',(#210),#121,.F.);
#2051=ADVANCED_FACE('',(#211),#1950,.F.);
#2052=ADVANCED_FACE('',(#212),#122,.F.);
#2053=ADVANCED_FACE('',(#213),#1951,.F.);
#2054=ADVANCED_FACE('',(#214),#123,.F.);
#2055=ADVANCED_FACE('',(#215),#1952,.F.);
#2056=ADVANCED_FACE('',(#216),#124,.F.);
#2057=ADVANCED_FACE('',(#217),#1953,.F.);
#2058=ADVANCED_FACE('',(#218),#1954,.F.);
#2059=ADVANCED_FACE('',(#219),#1955,.F.);
#2060=ADVANCED_FACE('',(#220,#31),#1956,.F.);
#2061=ADVANCED_FACE('',(#221,#32,#33,#34,#35,#36,#37,#38),#1957,.F.);
#2062=ADVANCED_FACE('',(#222),#1958,.F.);
#2063=ADVANCED_FACE('',(#223),#1959,.F.);
#2064=ADVANCED_FACE('',(#224),#1960,.F.);
#2065=ADVANCED_FACE('',(#225),#1961,.F.);
#2066=ADVANCED_FACE('',(#226),#1962,.F.);
#2067=ADVANCED_FACE('',(#227,#39),#1963,.F.);
#2068=ADVANCED_FACE('',(#228),#125,.T.);
#2069=ADVANCED_FACE('',(#229),#1964,.T.);
#2070=ADVANCED_FACE('',(#230,#40,#41,#42,#43,#44,#45,#46),#1965,.T.);
#2071=ADVANCED_FACE('',(#231),#126,.T.);
#2072=ADVANCED_FACE('',(#232),#1966,.T.);
#2073=CLOSED_SHELL('',(#1967,#1968,#1969,#1970,#1971,#1972,#1973,#1974,
#1975,#1976,#1977,#1978,#1979,#1980,#1981,#1982,#1983,#1984,#1985,#1986,
#1987,#1988,#1989,#1990,#1991,#1992,#1993,#1994,#1995,#1996,#1997,#1998));
#2074=CLOSED_SHELL('',(#1999,#2000,#2001,#2002,#2003,#2004,#2005,#2006,
#2007,#2008,#2009,#2010,#2011,#2012,#2013,#2014));
#2075=CLOSED_SHELL('',(#2015,#2016,#2017,#2018,#2019,#2020,#2021,#2022,
#2023,#2024,#2025,#2026,#2027,#2028));
#2076=CLOSED_SHELL('',(#2029,#2030,#2031,#2032,#2033,#2034,#2035,#2036,
#2037,#2038,#2039,#2040,#2041,#2042,#2043,#2044,#2045,#2046,#2047,#2048,
#2049,#2050,#2051,#2052,#2053,#2054,#2055,#2056,#2057,#2058,#2059,#2060,
#2061,#2062,#2063,#2064,#2065,#2066,#2067,#2068,#2069,#2070,#2071,#2072));
#2077=DERIVED_UNIT_ELEMENT(#2079,1.);
#2078=DERIVED_UNIT_ELEMENT(#3374,-3.);
#2079=(
MASS_UNIT()
NAMED_UNIT(*)
SI_UNIT(.KILO.,.GRAM.)
);
#2080=DERIVED_UNIT((#2077,#2078));
#2081=MEASURE_REPRESENTATION_ITEM('density measure',
POSITIVE_RATIO_MEASURE(7850.),#2080);
#2082=PROPERTY_DEFINITION_REPRESENTATION(#2087,#2084);
#2083=PROPERTY_DEFINITION_REPRESENTATION(#2088,#2085);
#2084=REPRESENTATION('material name',(#2086),#3371);
#2085=REPRESENTATION('density',(#2081),#3371);
#2086=DESCRIPTIVE_REPRESENTATION_ITEM('Steel','Steel');
#2087=PROPERTY_DEFINITION('material property','material name',#3381);
#2088=PROPERTY_DEFINITION('material property','density of part',#3381);
#2089=AXIS2_PLACEMENT_3D('',#2790,#2244,#2245);
#2090=AXIS2_PLACEMENT_3D('',#2791,#2246,#2247);
#2091=AXIS2_PLACEMENT_3D('',#2800,#2252,#2253);
#2092=AXIS2_PLACEMENT_3D('',#2806,#2257,#2258);
#2093=AXIS2_PLACEMENT_3D('',#2815,#2263,#2264);
#2094=AXIS2_PLACEMENT_3D('',#2821,#2268,#2269);
#2095=AXIS2_PLACEMENT_3D('',#2832,#2276,#2277);
#2096=AXIS2_PLACEMENT_3D('',#2850,#2287,#2288);
#2097=AXIS2_PLACEMENT_3D('',#2856,#2292,#2293);
#2098=AXIS2_PLACEMENT_3D('',#2865,#2298,#2299);
#2099=AXIS2_PLACEMENT_3D('',#2869,#2302,#2303);
#2100=AXIS2_PLACEMENT_3D('',#2878,#2309,#2310);
#2101=AXIS2_PLACEMENT_3D('',#2882,#2313,#2314);
#2102=AXIS2_PLACEMENT_3D('',#2889,#2319,#2320);
#2103=AXIS2_PLACEMENT_3D('',#2892,#2323,#2324);
#2104=AXIS2_PLACEMENT_3D('',#2893,#2325,#2326);
#2105=AXIS2_PLACEMENT_3D('',#2895,#2328,#2329);
#2106=AXIS2_PLACEMENT_3D('',#2897,#2331,#2332);
#2107=AXIS2_PLACEMENT_3D('',#2903,#2336,#2337);
#2108=AXIS2_PLACEMENT_3D('',#2912,#2342,#2343);
#2109=AXIS2_PLACEMENT_3D('',#2916,#2346,#2347);
#2110=AXIS2_PLACEMENT_3D('',#2922,#2352,#2353);
#2111=AXIS2_PLACEMENT_3D('',#2923,#2354,#2355);
#2112=AXIS2_PLACEMENT_3D('',#2931,#2360,#2361);
#2113=AXIS2_PLACEMENT_3D('',#2933,#2363,#2364);
#2114=AXIS2_PLACEMENT_3D('',#2935,#2366,#2367);
#2115=AXIS2_PLACEMENT_3D('',#2936,#2368,#2369);
#2116=AXIS2_PLACEMENT_3D('',#2939,#2370,#2371);
#2117=AXIS2_PLACEMENT_3D('',#2943,#2373,#2374);
#2118=AXIS2_PLACEMENT_3D('',#2945,#2376,#2377);
#2119=AXIS2_PLACEMENT_3D('',#2948,#2380,#2381);
#2120=AXIS2_PLACEMENT_3D('',#2952,#2383,#2384);
#2121=AXIS2_PLACEMENT_3D('',#2954,#2386,#2387);
#2122=AXIS2_PLACEMENT_3D('',#2957,#2388,#2389);
#2123=AXIS2_PLACEMENT_3D('',#2960,#2392,#2393);
#2124=AXIS2_PLACEMENT_3D('',#2962,#2395,#2396);
#2125=AXIS2_PLACEMENT_3D('',#2964,#2398,#2399);
#2126=AXIS2_PLACEMENT_3D('',#2965,#2400,#2401);
#2127=AXIS2_PLACEMENT_3D('',#2967,#2402,#2403);
#2128=AXIS2_PLACEMENT_3D('',#2970,#2405,#2406);
#2129=AXIS2_PLACEMENT_3D('',#2971,#2407,#2408);
#2130=AXIS2_PLACEMENT_3D('',#2973,#2409,#2410);
#2131=AXIS2_PLACEMENT_3D('',#2976,#2412,#2413);
#2132=AXIS2_PLACEMENT_3D('',#2977,#2414,#2415);
#2133=AXIS2_PLACEMENT_3D('',#2986,#2420,#2421);
#2134=AXIS2_PLACEMENT_3D('',#2992,#2425,#2426);
#2135=AXIS2_PLACEMENT_3D('',#2998,#2430,#2431);
#2136=AXIS2_PLACEMENT_3D('',#3001,#2434,#2435);
#2137=AXIS2_PLACEMENT_3D('',#3010,#2440,#2441);
#2138=AXIS2_PLACEMENT_3D('',#3016,#2445,#2446);
#2139=AXIS2_PLACEMENT_3D('',#3022,#2450,#2451);
#2140=AXIS2_PLACEMENT_3D('',#3025,#2454,#2455);
#2141=AXIS2_PLACEMENT_3D('',#3034,#2460,#2461);
#2142=AXIS2_PLACEMENT_3D('',#3040,#2465,#2466);
#2143=AXIS2_PLACEMENT_3D('',#3046,#2470,#2471);
#2144=AXIS2_PLACEMENT_3D('',#3049,#2474,#2475);
#2145=AXIS2_PLACEMENT_3D('',#3050,#2476,#2477);
#2146=AXIS2_PLACEMENT_3D('',#3051,#2478,#2479);
#2147=AXIS2_PLACEMENT_3D('',#3053,#2480,#2481);
#2148=AXIS2_PLACEMENT_3D('',#3056,#2483,#2484);
#2149=AXIS2_PLACEMENT_3D('',#3057,#2485,#2486);
#2150=AXIS2_PLACEMENT_3D('',#3059,#2487,#2488);
#2151=AXIS2_PLACEMENT_3D('',#3062,#2490,#2491);
#2152=AXIS2_PLACEMENT_3D('',#3063,#2492,#2493);
#2153=AXIS2_PLACEMENT_3D('',#3065,#2494,#2495);
#2154=AXIS2_PLACEMENT_3D('',#3068,#2497,#2498);
#2155=AXIS2_PLACEMENT_3D('',#3069,#2499,#2500);
#2156=AXIS2_PLACEMENT_3D('',#3078,#2505,#2506);
#2157=AXIS2_PLACEMENT_3D('',#3084,#2510,#2511);
#2158=AXIS2_PLACEMENT_3D('',#3090,#2515,#2516);
#2159=AXIS2_PLACEMENT_3D('',#3093,#2519,#2520);
#2160=AXIS2_PLACEMENT_3D('',#3095,#2521,#2522);
#2161=AXIS2_PLACEMENT_3D('',#3098,#2524,#2525);
#2162=AXIS2_PLACEMENT_3D('',#3099,#2526,#2527);
#2163=AXIS2_PLACEMENT_3D('',#3108,#2532,#2533);
#2164=AXIS2_PLACEMENT_3D('',#3114,#2537,#2538);
#2165=AXIS2_PLACEMENT_3D('',#3120,#2542,#2543);
#2166=AXIS2_PLACEMENT_3D('',#3123,#2546,#2547);
#2167=AXIS2_PLACEMENT_3D('',#3124,#2548,#2549);
#2168=AXIS2_PLACEMENT_3D('',#3125,#2550,#2551);
#2169=AXIS2_PLACEMENT_3D('',#3134,#2556,#2557);
#2170=AXIS2_PLACEMENT_3D('',#3136,#2558,#2559);
#2171=AXIS2_PLACEMENT_3D('',#3139,#2561,#2562);
#2172=AXIS2_PLACEMENT_3D('',#3140,#2563,#2564);
#2173=AXIS2_PLACEMENT_3D('',#3146,#2568,#2569);
#2174=AXIS2_PLACEMENT_3D('',#3147,#2570,#2571);
#2175=AXIS2_PLACEMENT_3D('',#3148,#2572,#2573);
#2176=AXIS2_PLACEMENT_3D('',#3149,#2574,#2575);
#2177=AXIS2_PLACEMENT_3D('',#3158,#2580,#2581);
#2178=AXIS2_PLACEMENT_3D('',#3160,#2582,#2583);
#2179=AXIS2_PLACEMENT_3D('',#3163,#2585,#2586);
#2180=AXIS2_PLACEMENT_3D('',#3164,#2587,#2588);
#2181=AXIS2_PLACEMENT_3D('',#3170,#2592,#2593);
#2182=AXIS2_PLACEMENT_3D('',#3171,#2594,#2595);
#2183=AXIS2_PLACEMENT_3D('',#3172,#2596,#2597);
#2184=AXIS2_PLACEMENT_3D('',#3173,#2598,#2599);
#2185=AXIS2_PLACEMENT_3D('',#3182,#2604,#2605);
#2186=AXIS2_PLACEMENT_3D('',#3184,#2606,#2607);
#2187=AXIS2_PLACEMENT_3D('',#3187,#2609,#2610);
#2188=AXIS2_PLACEMENT_3D('',#3188,#2611,#2612);
#2189=AXIS2_PLACEMENT_3D('',#3194,#2616,#2617);
#2190=AXIS2_PLACEMENT_3D('',#3195,#2618,#2619);
#2191=AXIS2_PLACEMENT_3D('',#3196,#2620,#2621);
#2192=AXIS2_PLACEMENT_3D('',#3197,#2622,#2623);
#2193=AXIS2_PLACEMENT_3D('',#3206,#2628,#2629);
#2194=AXIS2_PLACEMENT_3D('',#3208,#2630,#2631);
#2195=AXIS2_PLACEMENT_3D('',#3211,#2633,#2634);
#2196=AXIS2_PLACEMENT_3D('',#3212,#2635,#2636);
#2197=AXIS2_PLACEMENT_3D('',#3218,#2640,#2641);
#2198=AXIS2_PLACEMENT_3D('',#3219,#2642,#2643);
#2199=AXIS2_PLACEMENT_3D('',#3220,#2644,#2645);
#2200=AXIS2_PLACEMENT_3D('',#3221,#2646,#2647);
#2201=AXIS2_PLACEMENT_3D('',#3230,#2652,#2653);
#2202=AXIS2_PLACEMENT_3D('',#3232,#2654,#2655);
#2203=AXIS2_PLACEMENT_3D('',#3235,#2657,#2658);
#2204=AXIS2_PLACEMENT_3D('',#3236,#2659,#2660);
#2205=AXIS2_PLACEMENT_3D('',#3242,#2664,#2665);
#2206=AXIS2_PLACEMENT_3D('',#3243,#2666,#2667);
#2207=AXIS2_PLACEMENT_3D('',#3244,#2668,#2669);
#2208=AXIS2_PLACEMENT_3D('',#3245,#2670,#2671);
#2209=AXIS2_PLACEMENT_3D('',#3254,#2676,#2677);
#2210=AXIS2_PLACEMENT_3D('',#3256,#2678,#2679);
#2211=AXIS2_PLACEMENT_3D('',#3259,#2681,#2682);
#2212=AXIS2_PLACEMENT_3D('',#3260,#2683,#2684);
#2213=AXIS2_PLACEMENT_3D('',#3266,#2688,#2689);
#2214=AXIS2_PLACEMENT_3D('',#3267,#2690,#2691);
#2215=AXIS2_PLACEMENT_3D('',#3268,#2692,#2693);
#2216=AXIS2_PLACEMENT_3D('',#3269,#2694,#2695);
#2217=AXIS2_PLACEMENT_3D('',#3278,#2700,#2701);
#2218=AXIS2_PLACEMENT_3D('',#3280,#2702,#2703);
#2219=AXIS2_PLACEMENT_3D('',#3283,#2705,#2706);
#2220=AXIS2_PLACEMENT_3D('',#3284,#2707,#2708);
#2221=AXIS2_PLACEMENT_3D('',#3290,#2712,#2713);
#2222=AXIS2_PLACEMENT_3D('',#3291,#2714,#2715);
#2223=AXIS2_PLACEMENT_3D('',#3292,#2716,#2717);
#2224=AXIS2_PLACEMENT_3D('',#3293,#2718,#2719);
#2225=AXIS2_PLACEMENT_3D('',#3302,#2724,#2725);
#2226=AXIS2_PLACEMENT_3D('',#3311,#2730,#2731);
#2227=AXIS2_PLACEMENT_3D('',#3314,#2734,#2735);
#2228=AXIS2_PLACEMENT_3D('',#3331,#2744,#2745);
#2229=AXIS2_PLACEMENT_3D('',#3333,#2747,#2748);
#2230=AXIS2_PLACEMENT_3D('',#3335,#2750,#2751);
#2231=AXIS2_PLACEMENT_3D('',#3341,#2755,#2756);
#2232=AXIS2_PLACEMENT_3D('',#3345,#2759,#2760);
#2233=AXIS2_PLACEMENT_3D('',#3349,#2763,#2764);
#2234=AXIS2_PLACEMENT_3D('',#3351,#2766,#2767);
#2235=AXIS2_PLACEMENT_3D('',#3352,#2768,#2769);
#2236=AXIS2_PLACEMENT_3D('',#3354,#2770,#2771);
#2237=AXIS2_PLACEMENT_3D('',#3357,#2773,#2774);
#2238=AXIS2_PLACEMENT_3D('',#3358,#2775,#2776);
#2239=AXIS2_PLACEMENT_3D('',#3361,#2778,#2779);
#2240=AXIS2_PLACEMENT_3D('',#3362,#2780,#2781);
#2241=AXIS2_PLACEMENT_3D('',#3366,#2784,#2785);
#2242=AXIS2_PLACEMENT_3D('',#3367,#2786,#2787);
#2243=AXIS2_PLACEMENT_3D('',#3368,#2788,#2789);
#2244=DIRECTION('axis',(0.,0.,1.));
#2245=DIRECTION('refdir',(1.,0.,0.));
#2246=DIRECTION('center_axis',(1.,0.,0.));
#2247=DIRECTION('ref_axis',(0.,1.,0.));
#2248=DIRECTION('',(0.,-1.,0.));
#2249=DIRECTION('',(0.,0.,1.));
#2250=DIRECTION('',(0.,1.,0.));
#2251=DIRECTION('',(0.,0.,1.));
#2252=DIRECTION('center_axis',(0.,0.,1.));
#2253=DIRECTION('ref_axis',(1.,0.,0.));
#2254=DIRECTION('',(0.,-1.,0.));
#2255=DIRECTION('',(1.,0.,0.));
#2256=DIRECTION('',(-1.,0.,0.));
#2257=DIRECTION('center_axis',(-1.,0.,0.));
#2258=DIRECTION('ref_axis',(0.,-1.,0.));
#2259=DIRECTION('',(0.,1.,0.));
#2260=DIRECTION('',(0.,0.,1.));
#2261=DIRECTION('',(0.,-1.,0.));
#2262=DIRECTION('',(0.,0.,1.));
#2263=DIRECTION('center_axis',(0.,0.,1.));
#2264=DIRECTION('ref_axis',(1.,0.,0.));
#2265=DIRECTION('',(0.,1.,0.));
#2266=DIRECTION('',(-1.,0.,0.));
#2267=DIRECTION('',(1.,-7.21644966006354E-15,0.));
#2268=DIRECTION('center_axis',(0.,1.,0.));
#2269=DIRECTION('ref_axis',(0.,0.,1.));
#2270=DIRECTION('',(0.,0.,1.));
#2271=DIRECTION('',(1.,0.,0.));
#2272=DIRECTION('',(0.,0.,-1.));
#2273=DIRECTION('',(0.,0.,1.));
#2274=DIRECTION('',(-1.,0.,0.));
#2275=DIRECTION('',(0.,0.,-1.));
#2276=DIRECTION('center_axis',(0.,0.,1.));
#2277=DIRECTION('ref_axis',(1.,0.,0.));
#2278=DIRECTION('',(0.,1.,0.));
#2279=DIRECTION('',(1.,0.,0.));
#2280=DIRECTION('',(0.,1.,0.));
#2281=DIRECTION('',(-1.,0.,0.));
#2282=DIRECTION('',(0.,-1.,0.));
#2283=DIRECTION('',(1.,0.,0.));
#2284=DIRECTION('',(0.,1.,0.));
#2285=DIRECTION('',(-1.,0.,0.));
#2286=DIRECTION('',(0.,1.,0.));
#2287=DIRECTION('center_axis',(1.,0.,0.));
#2288=DIRECTION('ref_axis',(0.,1.,0.));
#2289=DIRECTION('',(0.,0.,-1.));
#2290=DIRECTION('',(0.,-1.,0.));
#2291=DIRECTION('',(0.,0.,1.));
#2292=DIRECTION('center_axis',(-1.,0.,0.));
#2293=DIRECTION('ref_axis',(0.,-1.,0.));
#2294=DIRECTION('',(0.,0.,1.));
#2295=DIRECTION('',(0.,-1.,0.));
#2296=DIRECTION('',(0.,0.,1.));
#2297=DIRECTION('',(0.,1.,0.));
#2298=DIRECTION('center_axis',(-1.,0.,0.));
#2299=DIRECTION('ref_axis',(0.,-1.,0.));
#2300=DIRECTION('',(0.,0.,-1.));
#2301=DIRECTION('',(0.,1.,0.));
#2302=DIRECTION('center_axis',(0.,1.,0.));
#2303=DIRECTION('ref_axis',(1.,0.,0.));
#2304=DIRECTION('',(1.,0.,0.));
#2305=DIRECTION('',(0.,0.,-1.));
#2306=DIRECTION('',(1.,0.,0.));
#2307=DIRECTION('',(0.,0.,-1.));
#2308=DIRECTION('',(1.,0.,0.));
#2309=DIRECTION('center_axis',(-1.,0.,0.));
#2310=DIRECTION('ref_axis',(0.,1.,0.));
#2311=DIRECTION('',(0.,0.,-1.));
#2312=DIRECTION('',(0.,1.,0.));
#2313=DIRECTION('center_axis',(0.,-1.,0.));
#2314=DIRECTION('ref_axis',(-1.,0.,0.));
#2315=DIRECTION('',(-1.,0.,0.));
#2316=DIRECTION('',(0.,0.,1.));
#2317=DIRECTION('',(-1.,0.,0.));
#2318=DIRECTION('',(0.,0.,1.));
#2319=DIRECTION('center_axis',(1.,0.,0.));
#2320=DIRECTION('ref_axis',(0.,-1.,0.));
#2321=DIRECTION('',(0.,-1.,0.));
#2322=DIRECTION('',(0.,-1.,0.));
#2323=DIRECTION('center_axis',(0.,0.,-1.));
#2324=DIRECTION('ref_axis',(-1.,0.,0.));
#2325=DIRECTION('center_axis',(0.,0.,1.));
#2326=DIRECTION('ref_axis',(1.,0.,0.));
#2327=DIRECTION('',(0.,-1.,0.));
#2328=DIRECTION('center_axis',(0.,0.,1.));
#2329=DIRECTION('ref_axis',(1.,0.,0.));
#2330=DIRECTION('',(-1.,0.,0.));
#2331=DIRECTION('center_axis',(0.,0.,-1.));
#2332=DIRECTION('ref_axis',(-1.,0.,0.));
#2333=DIRECTION('',(0.,1.,0.));
#2334=DIRECTION('',(-1.,0.,0.));
#2335=DIRECTION('',(0.,-1.,0.));
#2336=DIRECTION('center_axis',(0.,0.,1.));
#2337=DIRECTION('ref_axis',(1.,0.,0.));
#2338=DIRECTION('',(-1.,0.,0.));
#2339=DIRECTION('',(0.,-1.,0.));
#2340=DIRECTION('',(1.,0.,0.));
#2341=DIRECTION('',(0.,1.,0.));
#2342=DIRECTION('center_axis',(1.,0.,0.));
#2343=DIRECTION('ref_axis',(0.,1.,0.));
#2344=DIRECTION('',(0.,-1.,0.));
#2345=DIRECTION('',(0.,0.,-1.));
#2346=DIRECTION('center_axis',(0.,-1.,0.));
#2347=DIRECTION('ref_axis',(1.,0.,0.));
#2348=DIRECTION('',(-1.,0.,0.));
#2349=DIRECTION('',(0.,0.,-1.));
#2350=DIRECTION('',(0.,0.,1.));
#2351=DIRECTION('',(0.,0.,-1.));
#2352=DIRECTION('center_axis',(-1.,0.,0.));
#2353=DIRECTION('ref_axis',(0.,-1.,0.));
#2354=DIRECTION('center_axis',(0.,0.,1.));
#2355=DIRECTION('ref_axis',(1.,0.,0.));
#2356=DIRECTION('',(0.,-1.,0.));
#2357=DIRECTION('',(1.,0.,0.));
#2358=DIRECTION('',(0.,1.,0.));
#2359=DIRECTION('',(-1.,0.,0.));
#2360=DIRECTION('center_axis',(-1.,0.,0.));
#2361=DIRECTION('ref_axis',(0.,-1.,0.));
#2362=DIRECTION('',(0.,0.,1.));
#2363=DIRECTION('center_axis',(1.,0.,0.));
#2364=DIRECTION('ref_axis',(0.,1.,0.));
#2365=DIRECTION('',(0.,0.,1.));
#2366=DIRECTION('center_axis',(1.,0.,0.));
#2367=DIRECTION('ref_axis',(0.,1.,0.));
#2368=DIRECTION('center_axis',(0.,-1.,0.));
#2369=DIRECTION('ref_axis',(0.707106781186547,0.,-0.707106781186547));
#2370=DIRECTION('center_axis',(0.,1.,0.));
#2371=DIRECTION('ref_axis',(0.707106781186547,0.,-0.707106781186547));
#2372=DIRECTION('',(0.,1.,0.));
#2373=DIRECTION('center_axis',(0.,-1.,0.));
#2374=DIRECTION('ref_axis',(0.707106781186547,0.,-0.707106781186547));
#2375=DIRECTION('',(0.,-1.,0.));
#2376=DIRECTION('center_axis',(1.,0.,0.));
#2377=DIRECTION('ref_axis',(0.,1.,0.));
#2378=DIRECTION('',(0.,0.,1.));
#2379=DIRECTION('',(0.,0.,1.));
#2380=DIRECTION('center_axis',(0.,1.,0.));
#2381=DIRECTION('ref_axis',(-1.,0.,0.));
#2382=DIRECTION('',(1.,0.,0.));
#2383=DIRECTION('center_axis',(0.,-1.,0.));
#2384=DIRECTION('ref_axis',(-0.707106781186547,0.,-0.707106781186547));
#2385=DIRECTION('',(0.,0.,1.));
#2386=DIRECTION('center_axis',(0.,-1.,0.));
#2387=DIRECTION('ref_axis',(-0.707106781186547,0.,-0.707106781186547));
#2388=DIRECTION('center_axis',(0.,1.,0.));
#2389=DIRECTION('ref_axis',(-0.707106781186547,0.,-0.707106781186547));
#2390=DIRECTION('',(0.,1.,0.));
#2391=DIRECTION('',(0.,-1.,0.));
#2392=DIRECTION('center_axis',(-1.,0.,0.));
#2393=DIRECTION('ref_axis',(0.,-1.,0.));
#2394=DIRECTION('',(0.,0.,1.));
#2395=DIRECTION('center_axis',(0.,-1.,0.));
#2396=DIRECTION('ref_axis',(1.,0.,0.));
#2397=DIRECTION('',(1.,0.,0.));
#2398=DIRECTION('center_axis',(0.,0.,1.));
#2399=DIRECTION('ref_axis',(1.,0.,0.));
#2400=DIRECTION('center_axis',(0.,1.,0.));
#2401=DIRECTION('ref_axis',(1.,0.,0.));
#2402=DIRECTION('center_axis',(0.,1.,0.));
#2403=DIRECTION('ref_axis',(1.,0.,0.));
#2404=DIRECTION('',(0.,1.,0.));
#2405=DIRECTION('center_axis',(0.,-1.,0.));
#2406=DIRECTION('ref_axis',(1.,0.,0.));
#2407=DIRECTION('center_axis',(0.,1.,0.));
#2408=DIRECTION('ref_axis',(1.,0.,0.));
#2409=DIRECTION('center_axis',(0.,1.,0.));
#2410=DIRECTION('ref_axis',(1.,0.,0.));
#2411=DIRECTION('',(0.,1.,0.));
#2412=DIRECTION('center_axis',(0.,-1.,0.));
#2413=DIRECTION('ref_axis',(1.,0.,0.));
#2414=DIRECTION('center_axis',(0.,0.,-1.));
#2415=DIRECTION('ref_axis',(-1.,0.,0.));
#2416=DIRECTION('',(-1.,0.,0.));
#2417=DIRECTION('',(0.,1.,0.));
#2418=DIRECTION('',(1.,0.,0.));
#2419=DIRECTION('',(0.,1.,0.));
#2420=DIRECTION('center_axis',(1.,0.,0.));
#2421=DIRECTION('ref_axis',(0.,0.,-1.));
#2422=DIRECTION('',(0.,0.,-1.));
#2423=DIRECTION('',(0.,1.,0.));
#2424=DIRECTION('',(0.,0.,1.));
#2425=DIRECTION('center_axis',(0.,0.,1.));
#2426=DIRECTION('ref_axis',(1.,0.,0.));
#2427=DIRECTION('',(1.,0.,0.));
#2428=DIRECTION('',(0.,1.,0.));
#2429=DIRECTION('',(-1.,0.,0.));
#2430=DIRECTION('center_axis',(-1.,0.,0.));
#2431=DIRECTION('ref_axis',(0.,0.,1.));
#2432=DIRECTION('',(0.,0.,1.));
#2433=DIRECTION('',(0.,0.,-1.));
#2434=DIRECTION('center_axis',(1.,0.,0.));
#2435=DIRECTION('ref_axis',(0.,0.,-1.));
#2436=DIRECTION('',(0.,0.,-1.));
#2437=DIRECTION('',(0.,1.,0.));
#2438=DIRECTION('',(0.,0.,1.));
#2439=DIRECTION('',(0.,1.,0.));
#2440=DIRECTION('center_axis',(0.,0.,1.));
#2441=DIRECTION('ref_axis',(1.,0.,0.));
#2442=DIRECTION('',(1.,0.,0.));
#2443=DIRECTION('',(0.,1.,0.));
#2444=DIRECTION('',(-1.,0.,0.));
#2445=DIRECTION('center_axis',(-1.,0.,0.));
#2446=DIRECTION('ref_axis',(0.,0.,1.));
#2447=DIRECTION('',(0.,0.,1.));
#2448=DIRECTION('',(0.,1.,0.));
#2449=DIRECTION('',(0.,0.,-1.));
#2450=DIRECTION('center_axis',(0.,0.,-1.));
#2451=DIRECTION('ref_axis',(-1.,0.,0.));
#2452=DIRECTION('',(-1.,0.,0.));
#2453=DIRECTION('',(1.,0.,0.));
#2454=DIRECTION('center_axis',(0.,0.,1.));
#2455=DIRECTION('ref_axis',(1.,0.,0.));
#2456=DIRECTION('',(1.,0.,0.));
#2457=DIRECTION('',(0.,1.,0.));
#2458=DIRECTION('',(1.,0.,0.));
#2459=DIRECTION('',(0.,1.,0.));
#2460=DIRECTION('center_axis',(-1.,0.,0.));
#2461=DIRECTION('ref_axis',(0.,0.,1.));
#2462=DIRECTION('',(0.,0.,1.));
#2463=DIRECTION('',(0.,0.,1.));
#2464=DIRECTION('',(0.,1.,0.));
#2465=DIRECTION('center_axis',(0.,0.,-1.));
#2466=DIRECTION('ref_axis',(-1.,0.,0.));
#2467=DIRECTION('',(-1.,0.,0.));
#2468=DIRECTION('',(-1.,0.,0.));
#2469=DIRECTION('',(0.,1.,0.));
#2470=DIRECTION('center_axis',(1.,0.,0.));
#2471=DIRECTION('ref_axis',(0.,0.,-1.));
#2472=DIRECTION('',(0.,0.,-1.));
#2473=DIRECTION('',(0.,0.,-1.));
#2474=DIRECTION('center_axis',(0.,1.,0.));
#2475=DIRECTION('ref_axis',(0.,0.,1.));
#2476=DIRECTION('center_axis',(0.,1.,0.));
#2477=DIRECTION('ref_axis',(1.,0.,0.));
#2478=DIRECTION('center_axis',(0.,1.,0.));
#2479=DIRECTION('ref_axis',(1.,0.,0.));
#2480=DIRECTION('center_axis',(0.,1.,0.));
#2481=DIRECTION('ref_axis',(1.,0.,0.));
#2482=DIRECTION('',(0.,1.,0.));
#2483=DIRECTION('center_axis',(0.,-1.,0.));
#2484=DIRECTION('ref_axis',(1.,0.,0.));
#2485=DIRECTION('center_axis',(0.,1.,0.));
#2486=DIRECTION('ref_axis',(1.,0.,0.));
#2487=DIRECTION('center_axis',(0.,1.,0.));
#2488=DIRECTION('ref_axis',(1.,0.,0.));
#2489=DIRECTION('',(0.,1.,0.));
#2490=DIRECTION('center_axis',(0.,-1.,0.));
#2491=DIRECTION('ref_axis',(1.,0.,0.));
#2492=DIRECTION('center_axis',(0.,1.,0.));
#2493=DIRECTION('ref_axis',(1.,0.,0.));
#2494=DIRECTION('center_axis',(0.,1.,0.));
#2495=DIRECTION('ref_axis',(1.,0.,0.));
#2496=DIRECTION('',(0.,1.,0.));
#2497=DIRECTION('center_axis',(0.,-1.,0.));
#2498=DIRECTION('ref_axis',(1.,0.,0.));
#2499=DIRECTION('center_axis',(1.,0.,0.));
#2500=DIRECTION('ref_axis',(0.,0.,-1.));
#2501=DIRECTION('',(0.,0.,-1.));
#2502=DIRECTION('',(0.,1.,0.));
#2503=DIRECTION('',(0.,0.,1.));
#2504=DIRECTION('',(0.,1.,0.));
#2505=DIRECTION('center_axis',(0.,0.,1.));
#2506=DIRECTION('ref_axis',(1.,0.,0.));
#2507=DIRECTION('',(1.,0.,0.));
#2508=DIRECTION('',(0.,1.,0.));
#2509=DIRECTION('',(-1.,0.,0.));
#2510=DIRECTION('center_axis',(-1.,0.,0.));
#2511=DIRECTION('ref_axis',(0.,0.,1.));
#2512=DIRECTION('',(0.,0.,1.));
#2513=DIRECTION('',(0.,1.,0.));
#2514=DIRECTION('',(0.,0.,-1.));
#2515=DIRECTION('center_axis',(0.,0.,-1.));
#2516=DIRECTION('ref_axis',(-1.,0.,0.));
#2517=DIRECTION('',(-1.,0.,0.));
#2518=DIRECTION('',(1.,0.,0.));
#2519=DIRECTION('center_axis',(0.,1.,0.));
#2520=DIRECTION('ref_axis',(1.,0.,0.));
#2521=DIRECTION('center_axis',(0.,1.,0.));
#2522=DIRECTION('ref_axis',(1.,0.,0.));
#2523=DIRECTION('',(0.,1.,0.));
#2524=DIRECTION('center_axis',(0.,-1.,0.));
#2525=DIRECTION('ref_axis',(1.,0.,0.));
#2526=DIRECTION('center_axis',(0.,0.,1.));
#2527=DIRECTION('ref_axis',(1.,0.,0.));
#2528=DIRECTION('',(1.,0.,0.));
#2529=DIRECTION('',(0.,1.,0.));
#2530=DIRECTION('',(1.,0.,0.));
#2531=DIRECTION('',(0.,1.,0.));
#2532=DIRECTION('center_axis',(-1.,0.,0.));
#2533=DIRECTION('ref_axis',(0.,0.,1.));
#2534=DIRECTION('',(0.,0.,1.));
#2535=DIRECTION('',(0.,0.,1.));
#2536=DIRECTION('',(0.,1.,0.));
#2537=DIRECTION('center_axis',(0.,0.,-1.));
#2538=DIRECTION('ref_axis',(-1.,0.,0.));
#2539=DIRECTION('',(-1.,0.,0.));
#2540=DIRECTION('',(-1.,0.,0.));
#2541=DIRECTION('',(0.,1.,0.));
#2542=DIRECTION('center_axis',(1.,0.,0.));
#2543=DIRECTION('ref_axis',(0.,0.,-1.));
#2544=DIRECTION('',(0.,0.,-1.));
#2545=DIRECTION('',(0.,0.,-1.));
#2546=DIRECTION('center_axis',(0.,1.,0.));
#2547=DIRECTION('ref_axis',(0.,0.,1.));
#2548=DIRECTION('center_axis',(0.,1.,0.));
#2549=DIRECTION('ref_axis',(1.,0.,0.));
#2550=DIRECTION('center_axis',(0.,1.,0.));
#2551=DIRECTION('ref_axis',(1.,0.,0.));
#2552=DIRECTION('',(1.,0.,0.));
#2553=DIRECTION('',(0.,0.,-1.));
#2554=DIRECTION('',(-1.,0.,0.));
#2555=DIRECTION('',(0.,0.,-1.));
#2556=DIRECTION('center_axis',(0.,0.,-1.));
#2557=DIRECTION('ref_axis',(1.42108547152022E-14,1.,0.));
#2558=DIRECTION('center_axis',(0.,0.,-1.));
#2559=DIRECTION('ref_axis',(1.42108547152022E-14,1.,0.));
#2560=DIRECTION('',(0.,0.,-1.));
#2561=DIRECTION('center_axis',(0.,0.,1.));
#2562=DIRECTION('ref_axis',(1.42108547152022E-14,1.,0.));
#2563=DIRECTION('center_axis',(6.45947941600091E-16,-1.,0.));
#2564=DIRECTION('ref_axis',(-1.,-6.45947941600091E-16,0.));
#2565=DIRECTION('',(-1.,-6.45947941600091E-16,0.));
#2566=DIRECTION('',(0.,0.,-1.));
#2567=DIRECTION('',(1.,6.45947941600091E-16,0.));
#2568=DIRECTION('center_axis',(0.,0.,-1.));
#2569=DIRECTION('ref_axis',(1.,-1.42108547152024E-14,0.));
#2570=DIRECTION('center_axis',(0.,0.,-1.));
#2571=DIRECTION('ref_axis',(1.,-1.42108547152024E-14,0.));
#2572=DIRECTION('center_axis',(0.,0.,1.));
#2573=DIRECTION('ref_axis',(1.,-1.42108547152024E-14,0.));
#2574=DIRECTION('center_axis',(6.45947941600091E-16,-1.,0.));
#2575=DIRECTION('ref_axis',(-1.,-6.45947941600091E-16,0.));
#2576=DIRECTION('',(-1.,-6.45947941600091E-16,0.));
#2577=DIRECTION('',(0.,0.,-1.));
#2578=DIRECTION('',(1.,6.45947941600091E-16,0.));
#2579=DIRECTION('',(0.,0.,-1.));
#2580=DIRECTION('center_axis',(0.,0.,-1.));
#2581=DIRECTION('ref_axis',(-2.84217094304048E-14,-1.,0.));
#2582=DIRECTION('center_axis',(0.,0.,-1.));
#2583=DIRECTION('ref_axis',(-2.84217094304048E-14,-1.,0.));
#2584=DIRECTION('',(0.,0.,-1.));
#2585=DIRECTION('center_axis',(0.,0.,1.));
#2586=DIRECTION('ref_axis',(-2.84217094304048E-14,-1.,0.));
#2587=DIRECTION('center_axis',(0.,1.,0.));
#2588=DIRECTION('ref_axis',(1.,0.,0.));
#2589=DIRECTION('',(1.,0.,0.));
#2590=DIRECTION('',(0.,0.,-1.));
#2591=DIRECTION('',(-1.,0.,0.));
#2592=DIRECTION('center_axis',(0.,0.,-1.));
#2593=DIRECTION('ref_axis',(1.42108547152022E-14,1.,0.));
#2594=DIRECTION('center_axis',(0.,0.,-1.));
#2595=DIRECTION('ref_axis',(1.42108547152022E-14,1.,0.));
#2596=DIRECTION('center_axis',(0.,0.,1.));
#2597=DIRECTION('ref_axis',(1.42108547152022E-14,1.,0.));
#2598=DIRECTION('center_axis',(0.,1.,0.));
#2599=DIRECTION('ref_axis',(1.,0.,0.));
#2600=DIRECTION('',(1.,0.,0.));
#2601=DIRECTION('',(0.,0.,-1.));
#2602=DIRECTION('',(-1.,0.,0.));
#2603=DIRECTION('',(0.,0.,-1.));
#2604=DIRECTION('center_axis',(0.,0.,-1.));
#2605=DIRECTION('ref_axis',(1.42108547152022E-14,1.,0.));
#2606=DIRECTION('center_axis',(0.,0.,-1.));
#2607=DIRECTION('ref_axis',(1.42108547152022E-14,1.,0.));
#2608=DIRECTION('',(0.,0.,-1.));
#2609=DIRECTION('center_axis',(0.,0.,1.));
#2610=DIRECTION('ref_axis',(1.42108547152022E-14,1.,0.));
#2611=DIRECTION('center_axis',(6.45947941600091E-16,-1.,0.));
#2612=DIRECTION('ref_axis',(-1.,-6.45947941600091E-16,0.));
#2613=DIRECTION('',(-1.,-6.45947941600091E-16,0.));
#2614=DIRECTION('',(0.,0.,-1.));
#2615=DIRECTION('',(1.,6.45947941600091E-16,0.));
#2616=DIRECTION('center_axis',(0.,0.,-1.));
#2617=DIRECTION('ref_axis',(1.,-1.42108547152024E-14,0.));
#2618=DIRECTION('center_axis',(0.,0.,-1.));
#2619=DIRECTION('ref_axis',(1.,-1.42108547152024E-14,0.));
#2620=DIRECTION('center_axis',(0.,0.,1.));
#2621=DIRECTION('ref_axis',(1.,-1.42108547152024E-14,0.));
#2622=DIRECTION('center_axis',(0.,1.,0.));
#2623=DIRECTION('ref_axis',(1.,0.,0.));
#2624=DIRECTION('',(1.,0.,0.));
#2625=DIRECTION('',(0.,0.,-1.));
#2626=DIRECTION('',(-1.,0.,0.));
#2627=DIRECTION('',(0.,0.,-1.));
#2628=DIRECTION('center_axis',(0.,0.,-1.));
#2629=DIRECTION('ref_axis',(1.42108547152022E-14,1.,0.));
#2630=DIRECTION('center_axis',(0.,0.,-1.));
#2631=DIRECTION('ref_axis',(1.42108547152022E-14,1.,0.));
#2632=DIRECTION('',(0.,0.,-1.));
#2633=DIRECTION('center_axis',(0.,0.,1.));
#2634=DIRECTION('ref_axis',(1.42108547152022E-14,1.,0.));
#2635=DIRECTION('center_axis',(6.45947941600091E-16,-1.,0.));
#2636=DIRECTION('ref_axis',(-1.,-6.45947941600091E-16,0.));
#2637=DIRECTION('',(-1.,-6.45947941600091E-16,0.));
#2638=DIRECTION('',(0.,0.,-1.));
#2639=DIRECTION('',(1.,6.45947941600091E-16,0.));
#2640=DIRECTION('center_axis',(0.,0.,-1.));
#2641=DIRECTION('ref_axis',(1.,-1.42108547152024E-14,0.));
#2642=DIRECTION('center_axis',(0.,0.,-1.));
#2643=DIRECTION('ref_axis',(1.,-1.42108547152024E-14,0.));
#2644=DIRECTION('center_axis',(0.,0.,1.));
#2645=DIRECTION('ref_axis',(1.,-1.42108547152024E-14,0.));
#2646=DIRECTION('center_axis',(0.,1.,0.));
#2647=DIRECTION('ref_axis',(1.,0.,0.));
#2648=DIRECTION('',(1.,0.,0.));
#2649=DIRECTION('',(0.,0.,-1.));
#2650=DIRECTION('',(-1.,0.,0.));
#2651=DIRECTION('',(0.,0.,-1.));
#2652=DIRECTION('center_axis',(0.,0.,-1.));
#2653=DIRECTION('ref_axis',(1.42108547152022E-14,1.,0.));
#2654=DIRECTION('center_axis',(0.,0.,-1.));
#2655=DIRECTION('ref_axis',(1.42108547152022E-14,1.,0.));
#2656=DIRECTION('',(0.,0.,-1.));
#2657=DIRECTION('center_axis',(0.,0.,1.));
#2658=DIRECTION('ref_axis',(1.42108547152022E-14,1.,0.));
#2659=DIRECTION('center_axis',(6.45947941600091E-16,-1.,0.));
#2660=DIRECTION('ref_axis',(-1.,-6.45947941600091E-16,0.));
#2661=DIRECTION('',(-1.,-6.45947941600091E-16,0.));
#2662=DIRECTION('',(0.,0.,-1.));
#2663=DIRECTION('',(1.,6.45947941600091E-16,0.));
#2664=DIRECTION('center_axis',(0.,0.,-1.));
#2665=DIRECTION('ref_axis',(1.,-1.42108547152024E-14,0.));
#2666=DIRECTION('center_axis',(0.,0.,-1.));
#2667=DIRECTION('ref_axis',(1.,-1.42108547152024E-14,0.));
#2668=DIRECTION('center_axis',(0.,0.,1.));
#2669=DIRECTION('ref_axis',(1.,-1.42108547152024E-14,0.));
#2670=DIRECTION('center_axis',(0.,1.,0.));
#2671=DIRECTION('ref_axis',(1.,0.,0.));
#2672=DIRECTION('',(1.,0.,0.));
#2673=DIRECTION('',(0.,0.,-1.));
#2674=DIRECTION('',(-1.,0.,0.));
#2675=DIRECTION('',(0.,0.,-1.));
#2676=DIRECTION('center_axis',(0.,0.,-1.));
#2677=DIRECTION('ref_axis',(1.42108547152022E-14,1.,0.));
#2678=DIRECTION('center_axis',(0.,0.,-1.));
#2679=DIRECTION('ref_axis',(1.42108547152022E-14,1.,0.));
#2680=DIRECTION('',(0.,0.,-1.));
#2681=DIRECTION('center_axis',(0.,0.,1.));
#2682=DIRECTION('ref_axis',(1.42108547152022E-14,1.,0.));
#2683=DIRECTION('center_axis',(6.45947941600091E-16,-1.,0.));
#2684=DIRECTION('ref_axis',(-1.,-6.45947941600091E-16,0.));
#2685=DIRECTION('',(-1.,-6.45947941600091E-16,0.));
#2686=DIRECTION('',(0.,0.,-1.));
#2687=DIRECTION('',(1.,6.45947941600091E-16,0.));
#2688=DIRECTION('center_axis',(0.,0.,-1.));
#2689=DIRECTION('ref_axis',(1.,-1.42108547152024E-14,0.));
#2690=DIRECTION('center_axis',(0.,0.,-1.));
#2691=DIRECTION('ref_axis',(1.,-1.42108547152024E-14,0.));
#2692=DIRECTION('center_axis',(0.,0.,1.));
#2693=DIRECTION('ref_axis',(1.,-1.42108547152024E-14,0.));
#2694=DIRECTION('center_axis',(0.,1.,0.));
#2695=DIRECTION('ref_axis',(1.,0.,0.));
#2696=DIRECTION('',(1.,0.,0.));
#2697=DIRECTION('',(0.,0.,-1.));
#2698=DIRECTION('',(-1.,0.,0.));
#2699=DIRECTION('',(0.,0.,-1.));
#2700=DIRECTION('center_axis',(0.,0.,-1.));
#2701=DIRECTION('ref_axis',(1.42108547152022E-14,1.,0.));
#2702=DIRECTION('center_axis',(0.,0.,-1.));
#2703=DIRECTION('ref_axis',(1.42108547152022E-14,1.,0.));
#2704=DIRECTION('',(0.,0.,-1.));
#2705=DIRECTION('center_axis',(0.,0.,1.));
#2706=DIRECTION('ref_axis',(1.42108547152022E-14,1.,0.));
#2707=DIRECTION('center_axis',(6.45947941600091E-16,-1.,0.));
#2708=DIRECTION('ref_axis',(-1.,-6.45947941600091E-16,0.));
#2709=DIRECTION('',(-1.,-6.45947941600091E-16,0.));
#2710=DIRECTION('',(0.,0.,-1.));
#2711=DIRECTION('',(1.,6.45947941600091E-16,0.));
#2712=DIRECTION('center_axis',(0.,0.,-1.));
#2713=DIRECTION('ref_axis',(1.,-1.42108547152024E-14,0.));
#2714=DIRECTION('center_axis',(0.,0.,-1.));
#2715=DIRECTION('ref_axis',(1.,-1.42108547152024E-14,0.));
#2716=DIRECTION('center_axis',(0.,0.,1.));
#2717=DIRECTION('ref_axis',(1.,-1.42108547152024E-14,0.));
#2718=DIRECTION('center_axis',(-1.,0.,0.));
#2719=DIRECTION('ref_axis',(0.,-1.,0.));
#2720=DIRECTION('',(0.,-1.,0.));
#2721=DIRECTION('',(0.,0.,-1.));
#2722=DIRECTION('',(0.,-1.,0.));
#2723=DIRECTION('',(0.,0.,1.));
#2724=DIRECTION('center_axis',(1.,0.,0.));
#2725=DIRECTION('ref_axis',(0.,1.,0.));
#2726=DIRECTION('',(0.,1.,0.));
#2727=DIRECTION('',(0.,0.,-1.));
#2728=DIRECTION('',(0.,1.,0.));
#2729=DIRECTION('',(0.,0.,1.));
#2730=DIRECTION('center_axis',(0.,1.,0.));
#2731=DIRECTION('ref_axis',(-1.,0.,0.));
#2732=DIRECTION('',(-1.,0.,0.));
#2733=DIRECTION('',(-1.,0.,0.));
#2734=DIRECTION('center_axis',(0.,0.,1.));
#2735=DIRECTION('ref_axis',(1.,0.,0.));
#2736=DIRECTION('',(0.,-1.,0.));
#2737=DIRECTION('',(-1.,0.,0.));
#2738=DIRECTION('',(0.,1.,0.));
#2739=DIRECTION('',(1.,0.,0.));
#2740=DIRECTION('',(0.,1.,0.));
#2741=DIRECTION('',(-1.,0.,0.));
#2742=DIRECTION('',(0.,-1.,0.));
#2743=DIRECTION('',(1.,0.,0.));
#2744=DIRECTION('center_axis',(0.,0.,1.));
#2745=DIRECTION('ref_axis',(1.,0.,0.));
#2746=DIRECTION('',(1.,0.,0.));
#2747=DIRECTION('center_axis',(0.,-1.,0.));
#2748=DIRECTION('ref_axis',(1.,0.,0.));
#2749=DIRECTION('',(1.,0.,0.));
#2750=DIRECTION('center_axis',(0.,1.,0.));
#2751=DIRECTION('ref_axis',(-1.,0.,0.));
#2752=DIRECTION('',(0.,0.,1.));
#2753=DIRECTION('',(-1.,0.,0.));
#2754=DIRECTION('',(0.,0.,1.));
#2755=DIRECTION('center_axis',(1.,0.,0.));
#2756=DIRECTION('ref_axis',(0.,1.,0.));
#2757=DIRECTION('',(0.,0.,1.));
#2758=DIRECTION('',(0.,1.,0.));
#2759=DIRECTION('center_axis',(0.,-1.,0.));
#2760=DIRECTION('ref_axis',(1.,0.,0.));
#2761=DIRECTION('',(0.,0.,1.));
#2762=DIRECTION('',(1.,0.,0.));
#2763=DIRECTION('center_axis',(-1.,0.,0.));
#2764=DIRECTION('ref_axis',(0.,-1.,0.));
#2765=DIRECTION('',(0.,-1.,0.));
#2766=DIRECTION('center_axis',(0.,0.,1.));
#2767=DIRECTION('ref_axis',(1.,0.,0.));
#2768=DIRECTION('center_axis',(0.,-1.,0.));
#2769=DIRECTION('ref_axis',(-0.707106781186547,0.,0.707106781186547));
#2770=DIRECTION('center_axis',(0.,1.,0.));
#2771=DIRECTION('ref_axis',(-0.707106781186547,0.,0.707106781186547));
#2772=DIRECTION('',(0.,1.,0.));
#2773=DIRECTION('center_axis',(0.,-1.,0.));
#2774=DIRECTION('ref_axis',(-0.707106781186547,0.,0.707106781186547));
#2775=DIRECTION('center_axis',(0.,1.,0.));
#2776=DIRECTION('ref_axis',(-1.,0.,0.));
#2777=DIRECTION('',(-1.,0.,0.));
#2778=DIRECTION('center_axis',(0.,-1.,0.));
#2779=DIRECTION('ref_axis',(0.707106781186547,0.,0.707106781186547));
#2780=DIRECTION('center_axis',(0.,0.,1.));
#2781=DIRECTION('ref_axis',(1.,0.,0.));
#2782=DIRECTION('',(1.,0.,0.));
#2783=DIRECTION('',(0.,-1.,0.));
#2784=DIRECTION('center_axis',(0.,1.,0.));
#2785=DIRECTION('ref_axis',(0.707106781186547,0.,0.707106781186547));
#2786=DIRECTION('center_axis',(0.,1.,0.));
#2787=DIRECTION('ref_axis',(0.707106781186547,0.,0.707106781186547));
#2788=DIRECTION('center_axis',(0.,-1.,0.));
#2789=DIRECTION('ref_axis',(1.,0.,0.));
#2790=CARTESIAN_POINT('',(0.,0.,0.));
#2791=CARTESIAN_POINT('Origin',(132.,3.99999999999999,80.));
#2792=CARTESIAN_POINT('',(132.,266.,80.));
#2793=CARTESIAN_POINT('',(132.000001966953,4.,80.));
#2794=CARTESIAN_POINT('',(132.,69.5,80.));
#2795=CARTESIAN_POINT('',(132.,266.,81.));
#2796=CARTESIAN_POINT('',(132.,266.,80.));
#2797=CARTESIAN_POINT('',(132.,3.99999999999999,81.));
#2798=CARTESIAN_POINT('',(132.,3.99999999999999,81.));
#2799=CARTESIAN_POINT('',(132.,3.99999999999999,80.));
#2800=CARTESIAN_POINT('Origin',(131.,135.,81.));
#2801=CARTESIAN_POINT('',(130.,266.,81.));
#2802=CARTESIAN_POINT('',(130.,3.99999999999999,81.));
#2803=CARTESIAN_POINT('',(130.,266.,81.));
#2804=CARTESIAN_POINT('',(130.,3.99999999999999,81.));
#2805=CARTESIAN_POINT('',(132.,266.,81.));
#2806=CARTESIAN_POINT('Origin',(-1.99999999999999,266.,80.));
#2807=CARTESIAN_POINT('',(-1.99999999999999,4.,80.));
#2808=CARTESIAN_POINT('',(-1.99999999999999,266.,80.));
#2809=CARTESIAN_POINT('',(-1.99999999999999,200.5,80.));
#2810=CARTESIAN_POINT('',(-1.99999999999999,4.,81.));
#2811=CARTESIAN_POINT('',(-1.99999999999999,4.,80.));
#2812=CARTESIAN_POINT('',(-1.99999999999999,266.,81.));
#2813=CARTESIAN_POINT('',(-1.99999999999999,266.,81.));
#2814=CARTESIAN_POINT('',(-1.99999999999999,266.,80.));
#2815=CARTESIAN_POINT('Origin',(-0.999999999999996,135.,81.));
#2816=CARTESIAN_POINT('',(0.,3.99999999999999,81.));
#2817=CARTESIAN_POINT('',(0.,266.,81.));
#2818=CARTESIAN_POINT('',(0.,3.99999999999999,81.));
#2819=CARTESIAN_POINT('',(0.,266.,81.));
#2820=CARTESIAN_POINT('',(-1.99999999999999,4.,81.));
#2821=CARTESIAN_POINT('Origin',(132.000001966953,4.,5.));
#2822=CARTESIAN_POINT('',(130.,4.,5.));
#2823=CARTESIAN_POINT('',(130.,3.99999999999999,2.5));
#2824=CARTESIAN_POINT('',(0.,4.,5.));
#2825=CARTESIAN_POINT('',(98.5000009834766,4.,5.));
#2826=CARTESIAN_POINT('',(0.,4.,2.5));
#2827=CARTESIAN_POINT('',(-1.99999999999999,4.,4.));
#2828=CARTESIAN_POINT('',(-2.,4.,5.));
#2829=CARTESIAN_POINT('',(132.000001966953,4.,4.));
#2830=CARTESIAN_POINT('',(132.000001966953,4.,4.));
#2831=CARTESIAN_POINT('',(132.000001966953,4.,5.));
#2832=CARTESIAN_POINT('Origin',(-2.5,135.,80.));
#2833=CARTESIAN_POINT('',(-1.99999999999999,268.,80.));
#2834=CARTESIAN_POINT('',(-1.99999999999999,201.5,80.));
#2835=CARTESIAN_POINT('',(0.,268.,80.));
#2836=CARTESIAN_POINT('',(64.75,268.,80.));
#2837=CARTESIAN_POINT('',(0.,270.,80.));
#2838=CARTESIAN_POINT('',(0.,0.,80.));
#2839=CARTESIAN_POINT('',(-5.,270.,80.));
#2840=CARTESIAN_POINT('',(0.,270.,80.));
#2841=CARTESIAN_POINT('',(-5.,0.,80.));
#2842=CARTESIAN_POINT('',(-5.,270.,80.));
#2843=CARTESIAN_POINT('',(0.,0.,80.));
#2844=CARTESIAN_POINT('',(-5.,0.,80.));
#2845=CARTESIAN_POINT('',(0.,2.,80.));
#2846=CARTESIAN_POINT('',(0.,0.,80.));
#2847=CARTESIAN_POINT('',(-2.,2.,80.));
#2848=CARTESIAN_POINT('',(-2.25,1.99999999999999,80.));
#2849=CARTESIAN_POINT('',(-2.,69.25,80.));
#2850=CARTESIAN_POINT('Origin',(0.,0.,0.));
#2851=CARTESIAN_POINT('',(0.,268.,5.));
#2852=CARTESIAN_POINT('',(0.,268.,2.5));
#2853=CARTESIAN_POINT('',(0.,270.,5.));
#2854=CARTESIAN_POINT('',(0.,270.,5.));
#2855=CARTESIAN_POINT('',(0.,270.,0.));
#2856=CARTESIAN_POINT('Origin',(130.,270.,0.));
#2857=CARTESIAN_POINT('',(130.,268.,5.));
#2858=CARTESIAN_POINT('',(130.,268.,80.));
#2859=CARTESIAN_POINT('',(130.,268.,2.5));
#2860=CARTESIAN_POINT('',(130.,270.,80.));
#2861=CARTESIAN_POINT('',(130.,0.,80.));
#2862=CARTESIAN_POINT('',(130.,270.,5.));
#2863=CARTESIAN_POINT('',(130.,270.,0.));
#2864=CARTESIAN_POINT('',(130.,0.,5.));
#2865=CARTESIAN_POINT('Origin',(130.,270.,0.));
#2866=CARTESIAN_POINT('',(130.,266.,5.));
#2867=CARTESIAN_POINT('',(130.,266.,2.5));
#2868=CARTESIAN_POINT('',(130.,0.,5.));
#2869=CARTESIAN_POINT('Origin',(-1.99999999999999,268.,5.));
#2870=CARTESIAN_POINT('',(31.5,268.,5.));
#2871=CARTESIAN_POINT('',(-1.99999999999999,268.,4.));
#2872=CARTESIAN_POINT('',(-1.99999999999999,268.,5.));
#2873=CARTESIAN_POINT('',(132.,268.,4.));
#2874=CARTESIAN_POINT('',(132.,268.,4.));
#2875=CARTESIAN_POINT('',(132.,268.,80.));
#2876=CARTESIAN_POINT('',(132.,268.,5.));
#2877=CARTESIAN_POINT('',(132.25,268.,80.));
#2878=CARTESIAN_POINT('Origin',(-1.99999999999999,266.,5.));
#2879=CARTESIAN_POINT('',(-1.99999999999999,266.,4.));
#2880=CARTESIAN_POINT('',(-1.99999999999999,266.,5.));
#2881=CARTESIAN_POINT('',(-1.99999999999999,268.,4.));
#2882=CARTESIAN_POINT('Origin',(132.,266.,5.));
#2883=CARTESIAN_POINT('',(0.,266.,5.));
#2884=CARTESIAN_POINT('',(98.5,266.,5.));
#2885=CARTESIAN_POINT('',(132.,266.,4.));
#2886=CARTESIAN_POINT('',(132.,266.,5.));
#2887=CARTESIAN_POINT('',(-1.99999999999999,266.,4.));
#2888=CARTESIAN_POINT('',(0.,266.,2.5));
#2889=CARTESIAN_POINT('Origin',(132.,268.,5.));
#2890=CARTESIAN_POINT('',(132.,266.,4.));
#2891=CARTESIAN_POINT('',(132.,200.5,80.));
#2892=CARTESIAN_POINT('Origin',(65.,267.,4.));
#2893=CARTESIAN_POINT('Origin',(65.,135.,5.));
#2894=CARTESIAN_POINT('',(0.,270.,5.));
#2895=CARTESIAN_POINT('Origin',(65.,135.,5.));
#2896=CARTESIAN_POINT('',(130.,270.,5.));
#2897=CARTESIAN_POINT('Origin',(65.0000009834766,2.75,4.));
#2898=CARTESIAN_POINT('',(-2.,2.,4.));
#2899=CARTESIAN_POINT('',(-2.,3.5,4.));
#2900=CARTESIAN_POINT('',(132.000001966953,2.,4.));
#2901=CARTESIAN_POINT('',(-2.,2.,4.));
#2902=CARTESIAN_POINT('',(132.000001966953,2.,4.));
#2903=CARTESIAN_POINT('Origin',(65.,135.,5.));
#2904=CARTESIAN_POINT('',(130.,2.,5.));
#2905=CARTESIAN_POINT('',(0.,2.,5.));
#2906=CARTESIAN_POINT('',(98.5000009834766,1.99999999999999,5.));
#2907=CARTESIAN_POINT('',(0.,0.,5.));
#2908=CARTESIAN_POINT('',(0.,270.,5.));
#2909=CARTESIAN_POINT('',(130.,0.,5.));
#2910=CARTESIAN_POINT('',(0.,0.,5.));
#2911=CARTESIAN_POINT('',(130.,0.,5.));
#2912=CARTESIAN_POINT('Origin',(132.000001966953,2.,5.));
#2913=CARTESIAN_POINT('',(132.000001966953,2.,80.));
#2914=CARTESIAN_POINT('',(132.000001966953,69.25,80.));
#2915=CARTESIAN_POINT('',(132.000001966953,2.,5.));
#2916=CARTESIAN_POINT('Origin',(-2.,2.,5.));
#2917=CARTESIAN_POINT('',(130.,2.,80.));
#2918=CARTESIAN_POINT('',(65.25,1.99999999999999,80.));
#2919=CARTESIAN_POINT('',(-2.,2.,5.));
#2920=CARTESIAN_POINT('',(0.,2.,2.5));
#2921=CARTESIAN_POINT('',(130.,1.99999999999999,2.5));
#2922=CARTESIAN_POINT('Origin',(-2.,3.5,5.));
#2923=CARTESIAN_POINT('Origin',(132.5,135.,80.));
#2924=CARTESIAN_POINT('',(130.,0.,80.));
#2925=CARTESIAN_POINT('',(130.,0.,80.));
#2926=CARTESIAN_POINT('',(135.,0.,80.));
#2927=CARTESIAN_POINT('',(135.,0.,80.));
#2928=CARTESIAN_POINT('',(135.,270.,80.));
#2929=CARTESIAN_POINT('',(135.,270.,80.));
#2930=CARTESIAN_POINT('',(130.,270.,80.));
#2931=CARTESIAN_POINT('Origin',(130.,270.,0.));
#2932=CARTESIAN_POINT('',(130.,0.,0.));
#2933=CARTESIAN_POINT('Origin',(0.,0.,0.));
#2934=CARTESIAN_POINT('',(0.,0.,0.));
#2935=CARTESIAN_POINT('Origin',(0.,0.,0.));
#2936=CARTESIAN_POINT('Origin',(130.,67.5,5.));
#2937=CARTESIAN_POINT('',(135.,0.,5.));
#2938=CARTESIAN_POINT('',(130.,0.,0.));
#2939=CARTESIAN_POINT('Origin',(130.,0.,5.));
#2940=CARTESIAN_POINT('',(130.,270.,0.));
#2941=CARTESIAN_POINT('',(130.,67.5,0.));
#2942=CARTESIAN_POINT('',(135.,270.,5.));
#2943=CARTESIAN_POINT('Origin',(130.,270.,5.));
#2944=CARTESIAN_POINT('',(135.,67.5,5.));
#2945=CARTESIAN_POINT('Origin',(135.,0.,0.));
#2946=CARTESIAN_POINT('',(135.,270.,0.));
#2947=CARTESIAN_POINT('',(135.,0.,0.));
#2948=CARTESIAN_POINT('Origin',(130.,270.,0.));
#2949=CARTESIAN_POINT('',(0.,270.,0.));
#2950=CARTESIAN_POINT('',(130.,270.,0.));
#2951=CARTESIAN_POINT('',(-5.,270.,5.));
#2952=CARTESIAN_POINT('Origin',(0.,270.,5.));
#2953=CARTESIAN_POINT('',(-5.,270.,0.));
#2954=CARTESIAN_POINT('Origin',(0.,202.5,5.));
#2955=CARTESIAN_POINT('',(0.,0.,0.));
#2956=CARTESIAN_POINT('',(-5.,0.,5.));
#2957=CARTESIAN_POINT('Origin',(0.,0.,5.));
#2958=CARTESIAN_POINT('',(-5.,202.5,5.));
#2959=CARTESIAN_POINT('',(0.,202.5,0.));
#2960=CARTESIAN_POINT('Origin',(-5.,270.,0.));
#2961=CARTESIAN_POINT('',(-5.,0.,0.));
#2962=CARTESIAN_POINT('Origin',(0.,0.,0.));
#2963=CARTESIAN_POINT('',(-5.,0.,0.));
#2964=CARTESIAN_POINT('Origin',(65.,135.,0.));
#2965=CARTESIAN_POINT('Origin',(-106.5,0.,23.5));
#2966=CARTESIAN_POINT('',(-107.75,0.,23.5));
#2967=CARTESIAN_POINT('Origin',(-106.5,0.,23.5));
#2968=CARTESIAN_POINT('',(-107.75,2.,23.5));
#2969=CARTESIAN_POINT('',(-107.75,0.,23.5));
#2970=CARTESIAN_POINT('Origin',(-106.5,2.,23.5));
#2971=CARTESIAN_POINT('Origin',(-70.5,0.,23.5));
#2972=CARTESIAN_POINT('',(-71.75,0.,23.5));
#2973=CARTESIAN_POINT('Origin',(-70.5,0.,23.5));
#2974=CARTESIAN_POINT('',(-71.75,2.,23.5));
#2975=CARTESIAN_POINT('',(-71.75,0.,23.5));
#2976=CARTESIAN_POINT('Origin',(-70.5,2.,23.5));
#2977=CARTESIAN_POINT('Origin',(-75.,0.,8.));
#2978=CARTESIAN_POINT('',(-75.,0.,8.));
#2979=CARTESIAN_POINT('',(-102.,0.,8.));
#2980=CARTESIAN_POINT('',(-96.,0.,8.));
#2981=CARTESIAN_POINT('',(-75.,2.,8.));
#2982=CARTESIAN_POINT('',(-75.,0.,8.));
#2983=CARTESIAN_POINT('',(-102.,2.,8.));
#2984=CARTESIAN_POINT('',(-96.,2.,8.));
#2985=CARTESIAN_POINT('',(-102.,0.,8.));
#2986=CARTESIAN_POINT('Origin',(-75.,0.,39.));
#2987=CARTESIAN_POINT('',(-75.,0.,39.));
#2988=CARTESIAN_POINT('',(-75.,0.,38.75));
#2989=CARTESIAN_POINT('',(-75.,2.,39.));
#2990=CARTESIAN_POINT('',(-75.,0.,39.));
#2991=CARTESIAN_POINT('',(-75.,2.,38.75));
#2992=CARTESIAN_POINT('Origin',(-102.,0.,39.));
#2993=CARTESIAN_POINT('',(-102.,0.,39.));
#2994=CARTESIAN_POINT('',(-109.5,0.,39.));
#2995=CARTESIAN_POINT('',(-102.,2.,39.));
#2996=CARTESIAN_POINT('',(-102.,0.,39.));
#2997=CARTESIAN_POINT('',(-109.5,2.,39.));
#2998=CARTESIAN_POINT('Origin',(-102.,0.,8.));
#2999=CARTESIAN_POINT('',(-102.,0.,23.25));
#3000=CARTESIAN_POINT('',(-102.,2.,23.25));
#3001=CARTESIAN_POINT('Origin',(-148.,0.,38.5));
#3002=CARTESIAN_POINT('',(-148.,0.,38.5));
#3003=CARTESIAN_POINT('',(-148.,0.,8.5));
#3004=CARTESIAN_POINT('',(-148.,0.,38.5));
#3005=CARTESIAN_POINT('',(-148.,2.,38.5));
#3006=CARTESIAN_POINT('',(-148.,0.,38.5));
#3007=CARTESIAN_POINT('',(-148.,2.,8.5));
#3008=CARTESIAN_POINT('',(-148.,2.,38.5));
#3009=CARTESIAN_POINT('',(-148.,0.,8.5));
#3010=CARTESIAN_POINT('Origin',(-159.,0.,38.5));
#3011=CARTESIAN_POINT('',(-159.,0.,38.5));
#3012=CARTESIAN_POINT('',(-138.,0.,38.5));
#3013=CARTESIAN_POINT('',(-159.,2.,38.5));
#3014=CARTESIAN_POINT('',(-159.,0.,38.5));
#3015=CARTESIAN_POINT('',(-138.,2.,38.5));
#3016=CARTESIAN_POINT('Origin',(-159.,0.,8.5));
#3017=CARTESIAN_POINT('',(-159.,0.,8.5));
#3018=CARTESIAN_POINT('',(-159.,0.,23.5));
#3019=CARTESIAN_POINT('',(-159.,2.,8.5));
#3020=CARTESIAN_POINT('',(-159.,0.,8.5));
#3021=CARTESIAN_POINT('',(-159.,2.,23.5));
#3022=CARTESIAN_POINT('Origin',(-148.,0.,8.5));
#3023=CARTESIAN_POINT('',(-132.5,0.,8.5));
#3024=CARTESIAN_POINT('',(-132.5,2.,8.5));
#3025=CARTESIAN_POINT('Origin',(-184.,0.,77.));
#3026=CARTESIAN_POINT('',(-184.,0.,77.));
#3027=CARTESIAN_POINT('',(-50.,0.,77.));
#3028=CARTESIAN_POINT('',(-184.,0.,77.));
#3029=CARTESIAN_POINT('',(-50.,2.,77.));
#3030=CARTESIAN_POINT('',(-50.,0.,77.));
#3031=CARTESIAN_POINT('',(-184.,2.,77.));
#3032=CARTESIAN_POINT('',(-184.,2.,77.));
#3033=CARTESIAN_POINT('',(-184.,0.,77.));
#3034=CARTESIAN_POINT('Origin',(-184.,0.,0.));
#3035=CARTESIAN_POINT('',(-184.,0.,0.));
#3036=CARTESIAN_POINT('',(-184.,0.,0.));
#3037=CARTESIAN_POINT('',(-184.,2.,0.));
#3038=CARTESIAN_POINT('',(-184.,2.,0.));
#3039=CARTESIAN_POINT('',(-184.,0.,0.));
#3040=CARTESIAN_POINT('Origin',(-50.,0.,0.));
#3041=CARTESIAN_POINT('',(-50.,0.,0.));
#3042=CARTESIAN_POINT('',(-50.,0.,0.));
#3043=CARTESIAN_POINT('',(-50.,2.,0.));
#3044=CARTESIAN_POINT('',(-50.,2.,0.));
#3045=CARTESIAN_POINT('',(-50.,0.,0.));
#3046=CARTESIAN_POINT('Origin',(-50.,0.,77.));
#3047=CARTESIAN_POINT('',(-50.,0.,77.));
#3048=CARTESIAN_POINT('',(-50.,2.,77.));
#3049=CARTESIAN_POINT('Origin',(-117.,2.,38.5));
#3050=CARTESIAN_POINT('Origin',(-117.,0.,38.5));
#3051=CARTESIAN_POINT('Origin',(-329.771786162538,0.,15.4952632734375));
#3052=CARTESIAN_POINT('',(-335.271786162538,0.,15.4952632734375));
#3053=CARTESIAN_POINT('Origin',(-329.771786162538,0.,15.4952632734375));
#3054=CARTESIAN_POINT('',(-335.271786162538,2.,15.4952632734375));
#3055=CARTESIAN_POINT('',(-335.271786162538,0.,15.4952632734375));
#3056=CARTESIAN_POINT('Origin',(-329.771786162538,2.,15.4952632734375));
#3057=CARTESIAN_POINT('Origin',(-364.930991670275,0.,15.4952632734375));
#3058=CARTESIAN_POINT('',(-369.930991670275,0.,15.4952632734375));
#3059=CARTESIAN_POINT('Origin',(-364.930991670275,0.,15.4952632734375));
#3060=CARTESIAN_POINT('',(-369.930991670275,2.,15.4952632734375));
#3061=CARTESIAN_POINT('',(-369.930991670275,0.,15.4952632734375));
#3062=CARTESIAN_POINT('Origin',(-364.930991670275,2.,15.4952632734375));
#3063=CARTESIAN_POINT('Origin',(-305.,0.,15.5));
#3064=CARTESIAN_POINT('',(-310.5,0.,15.5));
#3065=CARTESIAN_POINT('Origin',(-305.,0.,15.5));
#3066=CARTESIAN_POINT('',(-310.5,2.,15.5));
#3067=CARTESIAN_POINT('',(-310.5,0.,15.5));
#3068=CARTESIAN_POINT('Origin',(-305.,2.,15.5));
#3069=CARTESIAN_POINT('Origin',(-294.,0.,67.));
#3070=CARTESIAN_POINT('',(-294.,0.,67.));
#3071=CARTESIAN_POINT('',(-294.,0.,40.));
#3072=CARTESIAN_POINT('',(-294.,0.,52.75));
#3073=CARTESIAN_POINT('',(-294.,2.,67.));
#3074=CARTESIAN_POINT('',(-294.,0.,67.));
#3075=CARTESIAN_POINT('',(-294.,2.,40.));
#3076=CARTESIAN_POINT('',(-294.,2.,52.75));
#3077=CARTESIAN_POINT('',(-294.,0.,40.));
#3078=CARTESIAN_POINT('Origin',(-340.,0.,67.));
#3079=CARTESIAN_POINT('',(-340.,0.,67.));
#3080=CARTESIAN_POINT('',(-328.5,0.,67.));
#3081=CARTESIAN_POINT('',(-340.,2.,67.));
#3082=CARTESIAN_POINT('',(-340.,0.,67.));
#3083=CARTESIAN_POINT('',(-328.5,2.,67.));
#3084=CARTESIAN_POINT('Origin',(-340.,0.,40.));
#3085=CARTESIAN_POINT('',(-340.,0.,40.));
#3086=CARTESIAN_POINT('',(-340.,0.,39.25));
#3087=CARTESIAN_POINT('',(-340.,2.,40.));
#3088=CARTESIAN_POINT('',(-340.,0.,40.));
#3089=CARTESIAN_POINT('',(-340.,2.,39.25));
#3090=CARTESIAN_POINT('Origin',(-294.,0.,40.));
#3091=CARTESIAN_POINT('',(-305.5,0.,40.));
#3092=CARTESIAN_POINT('',(-305.5,2.,40.));
#3093=CARTESIAN_POINT('Origin',(-270.22917277748,0.,15.5));
#3094=CARTESIAN_POINT('',(-275.22917277748,0.,15.5));
#3095=CARTESIAN_POINT('Origin',(-270.22917277748,0.,15.5));
#3096=CARTESIAN_POINT('',(-275.22917277748,2.,15.5));
#3097=CARTESIAN_POINT('',(-275.22917277748,0.,15.5));
#3098=CARTESIAN_POINT('Origin',(-270.22917277748,2.,15.5));
#3099=CARTESIAN_POINT('Origin',(-384.,0.,77.));
#3100=CARTESIAN_POINT('',(-384.,0.,77.));
#3101=CARTESIAN_POINT('',(-250.,0.,77.));
#3102=CARTESIAN_POINT('',(-384.,0.,77.));
#3103=CARTESIAN_POINT('',(-250.,2.,77.));
#3104=CARTESIAN_POINT('',(-250.,0.,77.));
#3105=CARTESIAN_POINT('',(-384.,2.,77.));
#3106=CARTESIAN_POINT('',(-384.,2.,77.));
#3107=CARTESIAN_POINT('',(-384.,0.,77.));
#3108=CARTESIAN_POINT('Origin',(-384.,0.,0.));
#3109=CARTESIAN_POINT('',(-384.,0.,0.));
#3110=CARTESIAN_POINT('',(-384.,0.,0.));
#3111=CARTESIAN_POINT('',(-384.,2.,0.));
#3112=CARTESIAN_POINT('',(-384.,2.,0.));
#3113=CARTESIAN_POINT('',(-384.,0.,0.));
#3114=CARTESIAN_POINT('Origin',(-250.,0.,0.));
#3115=CARTESIAN_POINT('',(-250.,0.,0.));
#3116=CARTESIAN_POINT('',(-250.,0.,0.));
#3117=CARTESIAN_POINT('',(-250.,2.,0.));
#3118=CARTESIAN_POINT('',(-250.,2.,0.));
#3119=CARTESIAN_POINT('',(-250.,0.,0.));
#3120=CARTESIAN_POINT('Origin',(-250.,0.,77.));
#3121=CARTESIAN_POINT('',(-250.,0.,77.));
#3122=CARTESIAN_POINT('',(-250.,2.,77.));
#3123=CARTESIAN_POINT('Origin',(-317.,2.,38.5));
#3124=CARTESIAN_POINT('Origin',(-317.,0.,38.5));
#3125=CARTESIAN_POINT('Origin',(277.5,183.333333333333,5.));
#3126=CARTESIAN_POINT('',(277.5,183.333333333333,5.));
#3127=CARTESIAN_POINT('',(332.5,183.333333333333,5.));
#3128=CARTESIAN_POINT('',(298.75,183.333333333333,5.));
#3129=CARTESIAN_POINT('',(277.5,183.333333333333,0.));
#3130=CARTESIAN_POINT('',(277.5,183.333333333333,5.));
#3131=CARTESIAN_POINT('',(332.5,183.333333333333,0.));
#3132=CARTESIAN_POINT('',(298.75,183.333333333333,0.));
#3133=CARTESIAN_POINT('',(332.5,183.333333333333,5.));
#3134=CARTESIAN_POINT('Origin',(277.5,180.833333333333,5.));
#3135=CARTESIAN_POINT('',(277.5,178.333333333333,5.));
#3136=CARTESIAN_POINT('Origin',(277.5,180.833333333333,5.));
#3137=CARTESIAN_POINT('',(277.5,178.333333333333,0.));
#3138=CARTESIAN_POINT('',(277.5,178.333333333333,5.));
#3139=CARTESIAN_POINT('Origin',(277.5,180.833333333333,0.));
#3140=CARTESIAN_POINT('Origin',(332.5,178.333333333333,5.));
#3141=CARTESIAN_POINT('',(332.5,178.333333333333,5.));
#3142=CARTESIAN_POINT('',(326.25,178.333333333333,5.));
#3143=CARTESIAN_POINT('',(332.5,178.333333333333,0.));
#3144=CARTESIAN_POINT('',(332.5,178.333333333333,5.));
#3145=CARTESIAN_POINT('',(326.25,178.333333333333,0.));
#3146=CARTESIAN_POINT('Origin',(332.5,180.833333333333,5.));
#3147=CARTESIAN_POINT('Origin',(332.5,180.833333333333,5.));
#3148=CARTESIAN_POINT('Origin',(332.5,180.833333333333,0.));
#3149=CARTESIAN_POINT('Origin',(332.5,215.,5.));
#3150=CARTESIAN_POINT('',(332.5,215.,5.));
#3151=CARTESIAN_POINT('',(277.5,215.,5.));
#3152=CARTESIAN_POINT('',(326.25,215.,5.));
#3153=CARTESIAN_POINT('',(332.5,215.,0.));
#3154=CARTESIAN_POINT('',(332.5,215.,5.));
#3155=CARTESIAN_POINT('',(277.5,215.,0.));
#3156=CARTESIAN_POINT('',(326.25,215.,0.));
#3157=CARTESIAN_POINT('',(277.5,215.,5.));
#3158=CARTESIAN_POINT('Origin',(332.5,217.5,5.));
#3159=CARTESIAN_POINT('',(332.5,220.,5.));
#3160=CARTESIAN_POINT('Origin',(332.5,217.5,5.));
#3161=CARTESIAN_POINT('',(332.5,220.,0.));
#3162=CARTESIAN_POINT('',(332.5,220.,5.));
#3163=CARTESIAN_POINT('Origin',(332.5,217.5,0.));
#3164=CARTESIAN_POINT('Origin',(277.5,220.,5.));
#3165=CARTESIAN_POINT('',(277.5,220.,5.));
#3166=CARTESIAN_POINT('',(298.75,220.,5.));
#3167=CARTESIAN_POINT('',(277.5,220.,0.));
#3168=CARTESIAN_POINT('',(277.5,220.,5.));
#3169=CARTESIAN_POINT('',(298.75,220.,0.));
#3170=CARTESIAN_POINT('Origin',(277.5,217.5,5.));
#3171=CARTESIAN_POINT('Origin',(277.5,217.5,5.));
#3172=CARTESIAN_POINT('Origin',(277.5,217.5,0.));
#3173=CARTESIAN_POINT('Origin',(277.5,192.5,5.));
#3174=CARTESIAN_POINT('',(277.5,192.5,5.));
#3175=CARTESIAN_POINT('',(332.5,192.5,5.));
#3176=CARTESIAN_POINT('',(298.75,192.5,5.));
#3177=CARTESIAN_POINT('',(277.5,192.5,0.));
#3178=CARTESIAN_POINT('',(277.5,192.5,5.));
#3179=CARTESIAN_POINT('',(332.5,192.5,0.));
#3180=CARTESIAN_POINT('',(298.75,192.5,0.));
#3181=CARTESIAN_POINT('',(332.5,192.5,5.));
#3182=CARTESIAN_POINT('Origin',(277.5,190.,5.));
#3183=CARTESIAN_POINT('',(277.5,187.5,5.));
#3184=CARTESIAN_POINT('Origin',(277.5,190.,5.));
#3185=CARTESIAN_POINT('',(277.5,187.5,0.));
#3186=CARTESIAN_POINT('',(277.5,187.5,5.));
#3187=CARTESIAN_POINT('Origin',(277.5,190.,0.));
#3188=CARTESIAN_POINT('Origin',(332.5,187.5,5.));
#3189=CARTESIAN_POINT('',(332.5,187.5,5.));
#3190=CARTESIAN_POINT('',(326.25,187.5,5.));
#3191=CARTESIAN_POINT('',(332.5,187.5,0.));
#3192=CARTESIAN_POINT('',(332.5,187.5,5.));
#3193=CARTESIAN_POINT('',(326.25,187.5,0.));
#3194=CARTESIAN_POINT('Origin',(332.5,190.,5.));
#3195=CARTESIAN_POINT('Origin',(332.5,190.,5.));
#3196=CARTESIAN_POINT('Origin',(332.5,190.,0.));
#3197=CARTESIAN_POINT('Origin',(277.5,174.166666666667,5.));
#3198=CARTESIAN_POINT('',(277.5,174.166666666667,5.));
#3199=CARTESIAN_POINT('',(332.5,174.166666666667,5.));
#3200=CARTESIAN_POINT('',(298.75,174.166666666667,5.));
#3201=CARTESIAN_POINT('',(277.5,174.166666666667,0.));
#3202=CARTESIAN_POINT('',(277.5,174.166666666667,5.));
#3203=CARTESIAN_POINT('',(332.5,174.166666666667,0.));
#3204=CARTESIAN_POINT('',(298.75,174.166666666667,0.));
#3205=CARTESIAN_POINT('',(332.5,174.166666666667,5.));
#3206=CARTESIAN_POINT('Origin',(277.5,171.666666666667,5.));
#3207=CARTESIAN_POINT('',(277.5,169.166666666667,5.));
#3208=CARTESIAN_POINT('Origin',(277.5,171.666666666667,5.));
#3209=CARTESIAN_POINT('',(277.5,169.166666666667,0.));
#3210=CARTESIAN_POINT('',(277.5,169.166666666667,5.));
#3211=CARTESIAN_POINT('Origin',(277.5,171.666666666667,0.));
#3212=CARTESIAN_POINT('Origin',(332.5,169.166666666667,5.));
#3213=CARTESIAN_POINT('',(332.5,169.166666666667,5.));
#3214=CARTESIAN_POINT('',(326.25,169.166666666667,5.));
#3215=CARTESIAN_POINT('',(332.5,169.166666666667,0.));
#3216=CARTESIAN_POINT('',(332.5,169.166666666667,5.));
#3217=CARTESIAN_POINT('',(326.25,169.166666666667,0.));
#3218=CARTESIAN_POINT('Origin',(332.5,171.666666666667,5.));
#3219=CARTESIAN_POINT('Origin',(332.5,171.666666666667,5.));
#3220=CARTESIAN_POINT('Origin',(332.5,171.666666666667,0.));
#3221=CARTESIAN_POINT('Origin',(277.5,210.833333333333,5.));
#3222=CARTESIAN_POINT('',(277.5,210.833333333333,5.));
#3223=CARTESIAN_POINT('',(332.5,210.833333333333,5.));
#3224=CARTESIAN_POINT('',(298.75,210.833333333333,5.));
#3225=CARTESIAN_POINT('',(277.5,210.833333333333,0.));
#3226=CARTESIAN_POINT('',(277.5,210.833333333333,5.));
#3227=CARTESIAN_POINT('',(332.5,210.833333333333,0.));
#3228=CARTESIAN_POINT('',(298.75,210.833333333333,0.));
#3229=CARTESIAN_POINT('',(332.5,210.833333333333,5.));
#3230=CARTESIAN_POINT('Origin',(277.5,208.333333333333,5.));
#3231=CARTESIAN_POINT('',(277.5,205.833333333333,5.));
#3232=CARTESIAN_POINT('Origin',(277.5,208.333333333333,5.));
#3233=CARTESIAN_POINT('',(277.5,205.833333333333,0.));
#3234=CARTESIAN_POINT('',(277.5,205.833333333333,5.));
#3235=CARTESIAN_POINT('Origin',(277.5,208.333333333333,0.));
#3236=CARTESIAN_POINT('Origin',(332.5,205.833333333333,5.));
#3237=CARTESIAN_POINT('',(332.5,205.833333333333,5.));
#3238=CARTESIAN_POINT('',(326.25,205.833333333333,5.));
#3239=CARTESIAN_POINT('',(332.5,205.833333333333,0.));
#3240=CARTESIAN_POINT('',(332.5,205.833333333333,5.));
#3241=CARTESIAN_POINT('',(326.25,205.833333333333,0.));
#3242=CARTESIAN_POINT('Origin',(332.5,208.333333333333,5.));
#3243=CARTESIAN_POINT('Origin',(332.5,208.333333333333,5.));
#3244=CARTESIAN_POINT('Origin',(332.5,208.333333333333,0.));
#3245=CARTESIAN_POINT('Origin',(277.5,201.666666666667,5.));
#3246=CARTESIAN_POINT('',(277.5,201.666666666667,5.));
#3247=CARTESIAN_POINT('',(332.5,201.666666666667,5.));
#3248=CARTESIAN_POINT('',(298.75,201.666666666667,5.));
#3249=CARTESIAN_POINT('',(277.5,201.666666666667,0.));
#3250=CARTESIAN_POINT('',(277.5,201.666666666667,5.));
#3251=CARTESIAN_POINT('',(332.5,201.666666666667,0.));
#3252=CARTESIAN_POINT('',(298.75,201.666666666667,0.));
#3253=CARTESIAN_POINT('',(332.5,201.666666666667,5.));
#3254=CARTESIAN_POINT('Origin',(277.5,199.166666666667,5.));
#3255=CARTESIAN_POINT('',(277.5,196.666666666667,5.));
#3256=CARTESIAN_POINT('Origin',(277.5,199.166666666667,5.));
#3257=CARTESIAN_POINT('',(277.5,196.666666666667,0.));
#3258=CARTESIAN_POINT('',(277.5,196.666666666667,5.));
#3259=CARTESIAN_POINT('Origin',(277.5,199.166666666667,0.));
#3260=CARTESIAN_POINT('Origin',(332.5,196.666666666667,5.));
#3261=CARTESIAN_POINT('',(332.5,196.666666666667,5.));
#3262=CARTESIAN_POINT('',(326.25,196.666666666667,5.));
#3263=CARTESIAN_POINT('',(332.5,196.666666666667,0.));
#3264=CARTESIAN_POINT('',(332.5,196.666666666667,5.));
#3265=CARTESIAN_POINT('',(326.25,196.666666666667,0.));
#3266=CARTESIAN_POINT('Origin',(332.5,199.166666666667,5.));
#3267=CARTESIAN_POINT('Origin',(332.5,199.166666666667,5.));
#3268=CARTESIAN_POINT('Origin',(332.5,199.166666666667,0.));
#3269=CARTESIAN_POINT('Origin',(277.5,165.,5.));
#3270=CARTESIAN_POINT('',(277.5,165.,5.));
#3271=CARTESIAN_POINT('',(332.5,165.,5.));
#3272=CARTESIAN_POINT('',(298.75,165.,5.));
#3273=CARTESIAN_POINT('',(277.5,165.,0.));
#3274=CARTESIAN_POINT('',(277.5,165.,5.));
#3275=CARTESIAN_POINT('',(332.5,165.,0.));
#3276=CARTESIAN_POINT('',(298.75,165.,0.));
#3277=CARTESIAN_POINT('',(332.5,165.,5.));
#3278=CARTESIAN_POINT('Origin',(277.5,162.5,5.));
#3279=CARTESIAN_POINT('',(277.5,160.,5.));
#3280=CARTESIAN_POINT('Origin',(277.5,162.5,5.));
#3281=CARTESIAN_POINT('',(277.5,160.,0.));
#3282=CARTESIAN_POINT('',(277.5,160.,5.));
#3283=CARTESIAN_POINT('Origin',(277.5,162.5,0.));
#3284=CARTESIAN_POINT('Origin',(332.5,160.,5.));
#3285=CARTESIAN_POINT('',(332.5,160.,5.));
#3286=CARTESIAN_POINT('',(326.25,160.,5.));
#3287=CARTESIAN_POINT('',(332.5,160.,0.));
#3288=CARTESIAN_POINT('',(332.5,160.,5.));
#3289=CARTESIAN_POINT('',(326.25,160.,0.));
#3290=CARTESIAN_POINT('Origin',(332.5,162.5,5.));
#3291=CARTESIAN_POINT('Origin',(332.5,162.5,5.));
#3292=CARTESIAN_POINT('Origin',(332.5,162.5,0.));
#3293=CARTESIAN_POINT('Origin',(383.,266.,0.));
#3294=CARTESIAN_POINT('',(383.,266.,0.));
#3295=CARTESIAN_POINT('',(383.,3.99999999999999,0.));
#3296=CARTESIAN_POINT('',(383.,200.5,0.));
#3297=CARTESIAN_POINT('',(383.,266.,1.));
#3298=CARTESIAN_POINT('',(383.,266.,0.));
#3299=CARTESIAN_POINT('',(383.,3.99999999999999,1.));
#3300=CARTESIAN_POINT('',(383.,266.,1.));
#3301=CARTESIAN_POINT('',(383.,4.,0.));
#3302=CARTESIAN_POINT('Origin',(257.,4.,0.));
#3303=CARTESIAN_POINT('',(257.,4.,0.));
#3304=CARTESIAN_POINT('',(257.,266.,0.));
#3305=CARTESIAN_POINT('',(257.,69.5,0.));
#3306=CARTESIAN_POINT('',(257.,3.99999999999999,1.));
#3307=CARTESIAN_POINT('',(257.,4.,0.));
#3308=CARTESIAN_POINT('',(257.,266.,1.));
#3309=CARTESIAN_POINT('',(257.,4.,1.));
#3310=CARTESIAN_POINT('',(257.,266.,0.));
#3311=CARTESIAN_POINT('Origin',(385.,4.,0.));
#3312=CARTESIAN_POINT('',(385.,4.,1.));
#3313=CARTESIAN_POINT('',(352.5,4.,0.));
#3314=CARTESIAN_POINT('Origin',(320.,135.,0.));
#3315=CARTESIAN_POINT('',(250.,270.,0.));
#3316=CARTESIAN_POINT('',(250.,0.,0.));
#3317=CARTESIAN_POINT('',(250.,270.,0.));
#3318=CARTESIAN_POINT('',(390.,270.,0.));
#3319=CARTESIAN_POINT('',(390.,270.,0.));
#3320=CARTESIAN_POINT('',(390.,0.,0.));
#3321=CARTESIAN_POINT('',(390.,0.,0.));
#3322=CARTESIAN_POINT('',(250.,0.,0.));
#3323=CARTESIAN_POINT('',(385.,2.,0.));
#3324=CARTESIAN_POINT('',(385.,268.,0.));
#3325=CARTESIAN_POINT('',(385.,200.5,0.));
#3326=CARTESIAN_POINT('',(255.,268.,0.));
#3327=CARTESIAN_POINT('',(352.5,268.,0.));
#3328=CARTESIAN_POINT('',(255.,2.,0.));
#3329=CARTESIAN_POINT('',(255.,69.5,0.));
#3330=CARTESIAN_POINT('',(287.5,1.99999999999999,0.));
#3331=CARTESIAN_POINT('Origin',(320.,135.,0.));
#3332=CARTESIAN_POINT('',(287.5,266.,0.));
#3333=CARTESIAN_POINT('Origin',(255.,266.,0.));
#3334=CARTESIAN_POINT('',(385.,266.,1.));
#3335=CARTESIAN_POINT('Origin',(385.,268.,0.));
#3336=CARTESIAN_POINT('',(385.,268.,1.));
#3337=CARTESIAN_POINT('',(385.,268.,0.));
#3338=CARTESIAN_POINT('',(255.,268.,1.));
#3339=CARTESIAN_POINT('',(255.,268.,1.));
#3340=CARTESIAN_POINT('',(255.,268.,0.));
#3341=CARTESIAN_POINT('Origin',(385.,266.,0.));
#3342=CARTESIAN_POINT('',(385.,2.,1.));
#3343=CARTESIAN_POINT('',(385.,2.,0.));
#3344=CARTESIAN_POINT('',(385.,268.,1.));
#3345=CARTESIAN_POINT('Origin',(255.,2.,0.));
#3346=CARTESIAN_POINT('',(255.,2.,1.));
#3347=CARTESIAN_POINT('',(255.,2.,0.));
#3348=CARTESIAN_POINT('',(255.,2.,1.));
#3349=CARTESIAN_POINT('Origin',(255.,4.,0.));
#3350=CARTESIAN_POINT('',(255.,4.,1.));
#3351=CARTESIAN_POINT('Origin',(320.,3.,1.));
#3352=CARTESIAN_POINT('Origin',(255.,202.5,0.));
#3353=CARTESIAN_POINT('',(255.,0.,5.));
#3354=CARTESIAN_POINT('Origin',(255.,0.,0.));
#3355=CARTESIAN_POINT('',(255.,270.,5.));
#3356=CARTESIAN_POINT('',(255.,202.5,5.));
#3357=CARTESIAN_POINT('Origin',(255.,270.,0.));
#3358=CARTESIAN_POINT('Origin',(390.,270.,0.));
#3359=CARTESIAN_POINT('',(385.,270.,5.));
#3360=CARTESIAN_POINT('',(390.,270.,5.));
#3361=CARTESIAN_POINT('Origin',(385.,270.,0.));
#3362=CARTESIAN_POINT('Origin',(320.,135.,5.));
#3363=CARTESIAN_POINT('',(385.,0.,5.));
#3364=CARTESIAN_POINT('',(250.,0.,5.));
#3365=CARTESIAN_POINT('',(385.,67.5,5.));
#3366=CARTESIAN_POINT('Origin',(385.,67.5,0.));
#3367=CARTESIAN_POINT('Origin',(385.,0.,0.));
#3368=CARTESIAN_POINT('Origin',(250.,0.,0.));
#3369=UNCERTAINTY_MEASURE_WITH_UNIT(LENGTH_MEASURE(0.01),#3373,
'DISTANCE_ACCURACY_VALUE',
'Maximum model space distance between geometric entities at asserted c
onnectivities');
#3370=UNCERTAINTY_MEASURE_WITH_UNIT(LENGTH_MEASURE(0.01),#3373,
'DISTANCE_ACCURACY_VALUE',
'Maximum model space distance between geometric entities at asserted c
onnectivities');
#3371=(
GEOMETRIC_REPRESENTATION_CONTEXT(3)
GLOBAL_UNCERTAINTY_ASSIGNED_CONTEXT((#3369))
GLOBAL_UNIT_ASSIGNED_CONTEXT((#3373,#3375,#3376))
REPRESENTATION_CONTEXT('','3D')
);
#3372=(
GEOMETRIC_REPRESENTATION_CONTEXT(3)
GLOBAL_UNCERTAINTY_ASSIGNED_CONTEXT((#3370))
GLOBAL_UNIT_ASSIGNED_CONTEXT((#3373,#3375,#3376))
REPRESENTATION_CONTEXT('','3D')
);
#3373=(
LENGTH_UNIT()
NAMED_UNIT(*)
SI_UNIT(.MILLI.,.METRE.)
);
#3374=(
LENGTH_UNIT()
NAMED_UNIT(*)
SI_UNIT($,.METRE.)
);
#3375=(
NAMED_UNIT(*)
PLANE_ANGLE_UNIT()
SI_UNIT($,.RADIAN.)
);
#3376=(
NAMED_UNIT(*)
SI_UNIT($,.STERADIAN.)
SOLID_ANGLE_UNIT()
);
#3377=SHAPE_DEFINITION_REPRESENTATION(#3378,#3379);
#3378=PRODUCT_DEFINITION_SHAPE('',$,#3381);
#3379=SHAPE_REPRESENTATION('',(#2089),#3371);
#3380=PRODUCT_DEFINITION_CONTEXT('part definition',#3385,'design');
#3381=PRODUCT_DEFINITION('2026-08-27-13-03-49-535','PowerSupply',#3382,
#3380);
#3382=PRODUCT_DEFINITION_FORMATION('',$,#3387);
#3383=PRODUCT_RELATED_PRODUCT_CATEGORY('PowerSupply','PowerSupply',(#3387));
#3384=APPLICATION_PROTOCOL_DEFINITION('international standard',
'automotive_design',2009,#3385);
#3385=APPLICATION_CONTEXT(
'Core Data for Automotive Mechanical Design Process');
#3386=PRODUCT_CONTEXT('part definition',#3385,'mechanical');
#3387=PRODUCT('2026-08-27-13-03-49-535','PowerSupply',$,(#3386));
#3388=PRESENTATION_STYLE_ASSIGNMENT((#3389));
#3389=SURFACE_STYLE_USAGE(.BOTH.,#3390);
#3390=SURFACE_SIDE_STYLE('',(#3391));
#3391=SURFACE_STYLE_FILL_AREA(#3392);
#3392=FILL_AREA_STYLE('Steel - Satin',(#3393));
#3393=FILL_AREA_STYLE_COLOUR('Steel - Satin',#3394);
#3394=COLOUR_RGB('Steel - Satin',0.627450980392157,0.627450980392157,0.627450980392157);
ENDSEC;
END-ISO-10303-21;
